Entidad,Fecha,Cuenta
Aguascalientes,2017-01-01,2
Aguascalientes,2017-07-01,1
Aguascalientes,2017-08-01,1
Aguascalientes,2017-10-01,2
Aguascalientes,2018-01-01,1
Aguascalientes,2018-02-01,3
Aguascalientes,2018-03-01,2
Aguascalientes,2018-04-01,1
Aguascalientes,2018-05-01,2
Aguascalientes,2018-06-01,1
Aguascalientes,2018-07-01,2
Aguascalientes,2018-09-01,1
Aguascalientes,2018-10-01,2
Aguascalientes,2018-11-01,2
Aguascalientes,2018-12-01,2
Aguascalientes,2019-02-01,1
Aguascalientes,2019-03-01,4
Aguascalientes,2019-04-01,2
Aguascalientes,2019-05-01,3
Aguascalientes,2019-07-01,3
Aguascalientes,2019-08-01,5
Aguascalientes,2019-09-01,4
Aguascalientes,2019-10-01,1
Aguascalientes,2019-11-01,3
Aguascalientes,2020-03-01,2
Aguascalientes,2020-04-01,2
Aguascalientes,2020-05-01,3
Aguascalientes,2020-06-01,2
Aguascalientes,2020-07-01,3
Aguascalientes,2020-08-01,3
Aguascalientes,2020-09-01,3
Aguascalientes,2020-10-01,2
Aguascalientes,2020-11-01,3
Aguascalientes,2020-12-01,2
Aguascalientes,2021-01-01,1
Aguascalientes,2021-02-01,1
Aguascalientes,2021-05-01,2
Aguascalientes,2021-06-01,2
Aguascalientes,2021-07-01,3
Aguascalientes,2021-08-01,1
Aguascalientes,2021-09-01,1
Aguascalientes,2021-10-01,4
Aguascalientes,2021-11-01,5
Aguascalientes,2021-12-01,6
Aguascalientes,2022-01-01,2
Aguascalientes,2022-03-01,1
Aguascalientes,2022-04-01,1
Aguascalientes,2022-05-01,3
Aguascalientes,2022-06-01,2
Aguascalientes,2022-07-01,5
Aguascalientes,2022-08-01,7
Aguascalientes,2022-09-01,2
Aguascalientes,2022-10-01,4
Aguascalientes,2022-12-01,1
Aguascalientes,2023-02-01,1
Aguascalientes,2023-03-01,1
Aguascalientes,2023-04-01,1
Aguascalientes,2023-05-01,5
Aguascalientes,2023-06-01,10
Aguascalientes,2023-08-01,1
Aguascalientes,2023-09-01,1
Aguascalientes,2023-12-01,1
Baja California,2017-01-01,5
Baja California,2017-02-01,2
Baja California,2017-03-01,3
Baja California,2017-04-01,4
Baja California,2017-05-01,6
Baja California,2017-06-01,1
Baja California,2017-07-01,7
Baja California,2017-08-01,6
Baja California,2017-09-01,3
Baja California,2017-10-01,3
Baja California,2017-11-01,7
Baja California,2017-12-01,2
Baja California,2018-04-01,1
Baja California,2018-05-01,2
Baja California,2018-06-01,3
Baja California,2018-07-01,9
Baja California,2018-08-01,4
Baja California,2018-09-01,3
Baja California,2018-11-01,3
Baja California,2018-12-01,3
Baja California,2019-01-01,7
Baja California,2019-02-01,5
Baja California,2019-03-01,12
Baja California,2019-04-01,9
Baja California,2019-05-01,4
Baja California,2019-06-01,8
Baja California,2019-07-01,1
Baja California,2019-08-01,3
Baja California,2019-09-01,7
Baja California,2019-10-01,9
Baja California,2019-11-01,10
Baja California,2019-12-01,1
Baja California,2020-01-01,7
Baja California,2020-02-01,9
Baja California,2020-03-01,3
Baja California,2020-04-01,9
Baja California,2020-05-01,10
Baja California,2020-06-01,15
Baja California,2020-07-01,16
Baja California,2020-08-01,7
Baja California,2020-09-01,10
Baja California,2020-10-01,17
Baja California,2020-11-01,9
Baja California,2020-12-01,3
Baja California,2021-01-01,7
Baja California,2021-02-01,6
Baja California,2021-03-01,7
Baja California,2021-04-01,7
Baja California,2021-05-01,10
Baja California,2021-06-01,6
Baja California,2021-07-01,7
Baja California,2021-08-01,12
Baja California,2021-09-01,11
Baja California,2021-10-01,25
Baja California,2021-11-01,7
Baja California,2021-12-01,8
Baja California,2022-01-01,7
Baja California,2022-02-01,7
Baja California,2022-03-01,4
Baja California,2022-04-01,1
Baja California,2022-05-01,3
Baja California,2022-06-01,2
Baja California,2022-07-01,30
Baja California,2022-08-01,13
Baja California,2022-09-01,18
Baja California,2022-10-01,10
Baja California,2022-11-01,8
Baja California,2022-12-01,11
Baja California,2023-01-01,16
Baja California,2023-02-01,11
Baja California,2023-03-01,18
Baja California,2023-04-01,16
Baja California,2023-05-01,9
Baja California,2023-06-01,15
Baja California,2023-07-01,15
Baja California,2023-08-01,34
Baja California,2023-09-01,32
Baja California,2023-10-01,24
Baja California,2023-11-01,4
Baja California,2023-12-01,18
Baja California Sur,2017-03-01,3
Baja California Sur,2017-04-01,1
Baja California Sur,2017-05-01,1
Baja California Sur,2018-01-01,1
Baja California Sur,2019-05-01,1
Baja California Sur,2020-06-01,1
Baja California Sur,2020-08-01,1
Baja California Sur,2022-03-01,1
Baja California Sur,2022-11-01,1
Baja California Sur,2023-03-01,2
Baja California Sur,2023-04-01,1
Baja California Sur,2023-06-01,2
Baja California Sur,2023-07-01,1
Baja California Sur,2023-08-01,1
Baja California Sur,2023-11-01,2
Campeche,2017-03-01,1
Campeche,2017-09-01,2
Campeche,2018-07-01,1
Campeche,2018-09-01,2
Campeche,2018-10-01,1
Campeche,2019-02-01,1
Campeche,2019-04-01,1
Campeche,2019-05-01,2
Campeche,2019-06-01,1
Campeche,2019-09-01,1
Campeche,2020-01-01,1
Campeche,2020-03-01,1
Campeche,2020-07-01,1
Campeche,2020-08-01,1
Campeche,2021-02-01,1
Campeche,2021-12-01,3
Campeche,2022-03-01,1
Campeche,2022-05-01,2
Campeche,2022-06-01,1
Campeche,2022-08-01,1
Campeche,2023-01-01,1
Campeche,2023-03-01,1
Campeche,2023-04-01,1
Campeche,2023-06-01,2
Campeche,2023-08-01,1
Campeche,2023-09-01,1
Chiapas,2017-02-01,2
Chiapas,2017-08-01,1
Chiapas,2017-10-01,1
Chiapas,2018-04-01,1
Chiapas,2018-06-01,1
Chiapas,2018-07-01,3
Chiapas,2018-08-01,1
Chiapas,2018-09-01,2
Chiapas,2018-10-01,3
Chiapas,2019-01-01,1
Chiapas,2019-02-01,1
Chiapas,2019-03-01,6
Chiapas,2019-05-01,2
Chiapas,2019-06-01,3
Chiapas,2019-07-01,3
Chiapas,2019-08-01,2
Chiapas,2019-09-01,4
Chiapas,2019-10-01,1
Chiapas,2019-11-01,3
Chiapas,2019-12-01,3
Chiapas,2020-01-01,1
Chiapas,2020-02-01,3
Chiapas,2020-03-01,2
Chiapas,2020-04-01,5
Chiapas,2020-07-01,1
Chiapas,2020-08-01,2
Chiapas,2020-09-01,5
Chiapas,2020-11-01,4
Chiapas,2021-01-01,2
Chiapas,2021-02-01,1
Chiapas,2021-03-01,6
Chiapas,2021-04-01,4
Chiapas,2021-06-01,1
Chiapas,2021-07-01,1
Chiapas,2021-08-01,1
Chiapas,2021-09-01,1
Chiapas,2021-10-01,3
Chiapas,2021-11-01,4
Chiapas,2021-12-01,5
Chiapas,2022-01-01,2
Chiapas,2022-03-01,4
Chiapas,2022-04-01,4
Chiapas,2022-05-01,1
Chiapas,2022-08-01,2
Chiapas,2022-09-01,2
Chiapas,2022-10-01,2
Chiapas,2022-12-01,4
Chiapas,2023-02-01,1
Chiapas,2023-05-01,3
Chiapas,2023-06-01,1
Chiapas,2023-07-01,1
Chiapas,2023-08-01,1
Chiapas,2023-10-01,1
Chiapas,2023-11-01,1
Chihuahua,2017-03-01,1
Chihuahua,2017-04-01,4
Chihuahua,2017-05-01,4
Chihuahua,2017-06-01,2
Chihuahua,2017-07-01,3
Chihuahua,2017-09-01,3
Chihuahua,2017-10-01,1
Chihuahua,2017-11-01,1
Chihuahua,2017-12-01,3
Chihuahua,2018-03-01,4
Chihuahua,2018-05-01,2
Chihuahua,2018-06-01,2
Chihuahua,2018-07-01,1
Chihuahua,2018-10-01,3
Chihuahua,2018-12-01,2
Chihuahua,2019-01-01,1
Chihuahua,2019-02-01,2
Chihuahua,2019-03-01,3
Chihuahua,2019-04-01,3
Chihuahua,2019-05-01,5
Chihuahua,2019-07-01,8
Chihuahua,2019-08-01,4
Chihuahua,2019-09-01,3
Chihuahua,2019-10-01,4
Chihuahua,2019-11-01,3
Chihuahua,2019-12-01,2
Chihuahua,2020-01-01,3
Chihuahua,2020-02-01,2
Chihuahua,2020-03-01,4
Chihuahua,2020-04-01,6
Chihuahua,2020-05-01,5
Chihuahua,2020-06-01,4
Chihuahua,2020-07-01,4
Chihuahua,2020-08-01,4
Chihuahua,2020-09-01,1
Chihuahua,2020-10-01,9
Chihuahua,2020-11-01,2
Chihuahua,2020-12-01,3
Chihuahua,2021-01-01,5
Chihuahua,2021-02-01,5
Chihuahua,2021-03-01,3
Chihuahua,2021-04-01,3
Chihuahua,2021-05-01,1
Chihuahua,2021-06-01,3
Chihuahua,2021-08-01,2
Chihuahua,2021-09-01,2
Chihuahua,2021-10-01,7
Chihuahua,2021-11-01,4
Chihuahua,2021-12-01,2
Chihuahua,2022-01-01,1
Chihuahua,2022-03-01,4
Chihuahua,2022-05-01,3
Chihuahua,2022-06-01,6
Chihuahua,2022-07-01,7
Chihuahua,2022-08-01,3
Chihuahua,2022-09-01,2
Chihuahua,2022-10-01,5
Chihuahua,2022-12-01,1
Chihuahua,2023-01-01,3
Chihuahua,2023-02-01,4
Chihuahua,2023-03-01,5
Chihuahua,2023-04-01,4
Chihuahua,2023-05-01,1
Chihuahua,2023-06-01,5
Chihuahua,2023-07-01,3
Chihuahua,2023-08-01,11
Chihuahua,2023-09-01,9
Chihuahua,2023-10-01,5
Chihuahua,2023-11-01,7
Chihuahua,2023-12-01,7
Ciudad de México,2017-01-01,56
Ciudad de México,2017-02-01,55
Ciudad de México,2017-03-01,65
Ciudad de México,2017-04-01,52
Ciudad de México,2017-05-01,76
Ciudad de México,2017-06-01,58
Ciudad de México,2017-07-01,83
Ciudad de México,2017-08-01,64
Ciudad de México,2017-09-01,83
Ciudad de México,2017-10-01,93
Ciudad de México,2017-11-01,96
Ciudad de México,2017-12-01,93
Ciudad de México,2018-01-01,123
Ciudad de México,2018-02-01,105
Ciudad de México,2018-03-01,67
Ciudad de México,2018-04-01,82
Ciudad de México,2018-05-01,78
Ciudad de México,2018-06-01,83
Ciudad de México,2018-07-01,73
Ciudad de México,2018-08-01,79
Ciudad de México,2018-09-01,110
Ciudad de México,2018-10-01,132
Ciudad de México,2018-11-01,115
Ciudad de México,2018-12-01,141
Ciudad de México,2019-01-01,144
Ciudad de México,2019-02-01,115
Ciudad de México,2019-03-01,129
Ciudad de México,2019-04-01,158
Ciudad de México,2019-05-01,127
Ciudad de México,2019-06-01,104
Ciudad de México,2019-07-01,104
Ciudad de México,2019-08-01,116
Ciudad de México,2019-09-01,67
Ciudad de México,2019-10-01,89
Ciudad de México,2019-11-01,92
Ciudad de México,2019-12-01,72
Ciudad de México,2020-01-01,89
Ciudad de México,2020-02-01,58
Ciudad de México,2020-03-01,73
Ciudad de México,2020-04-01,52
Ciudad de México,2020-05-01,61
Ciudad de México,2020-06-01,46
Ciudad de México,2020-07-01,63
Ciudad de México,2020-08-01,47
Ciudad de México,2020-09-01,59
Ciudad de México,2020-10-01,81
Ciudad de México,2020-11-01,60
Ciudad de México,2020-12-01,57
Ciudad de México,2021-01-01,83
Ciudad de México,2021-02-01,80
Ciudad de México,2021-03-01,89
Ciudad de México,2021-04-01,62
Ciudad de México,2021-05-01,67
Ciudad de México,2021-06-01,58
Ciudad de México,2021-07-01,47
Ciudad de México,2021-08-01,51
Ciudad de México,2021-09-01,55
Ciudad de México,2021-10-01,56
Ciudad de México,2021-11-01,83
Ciudad de México,2021-12-01,86
Ciudad de México,2022-01-01,59
Ciudad de México,2022-02-01,85
Ciudad de México,2022-03-01,77
Ciudad de México,2022-04-01,84
Ciudad de México,2022-05-01,53
Ciudad de México,2022-06-01,86
Ciudad de México,2022-07-01,99
Ciudad de México,2022-08-01,94
Ciudad de México,2022-09-01,83
Ciudad de México,2022-10-01,92
Ciudad de México,2022-11-01,66
Ciudad de México,2022-12-01,98
Ciudad de México,2023-01-01,1
Ciudad de México,2023-04-01,2
Ciudad de México,2023-07-01,1
Ciudad de México,2023-09-01,1
Coahuila,2017-01-01,1
Coahuila,2017-04-01,2
Coahuila,2017-05-01,1
Coahuila,2017-07-01,2
Coahuila,2017-10-01,2
Coahuila,2017-11-01,1
Coahuila,2018-06-01,1
Coahuila,2018-08-01,1
Coahuila,2018-09-01,2
Coahuila,2018-10-01,1
Coahuila,2018-11-01,2
Coahuila,2018-12-01,1
Coahuila,2019-01-01,2
Coahuila,2019-04-01,1
Coahuila,2019-07-01,1
Coahuila,2019-08-01,1
Coahuila,2019-09-01,1
Coahuila,2020-03-01,3
Coahuila,2020-04-01,1
Coahuila,2020-08-01,1
Coahuila,2020-09-01,1
Coahuila,2021-01-01,2
Coahuila,2021-02-01,1
Coahuila,2021-03-01,1
Coahuila,2021-05-01,1
Coahuila,2021-06-01,2
Coahuila,2021-08-01,1
Coahuila,2021-11-01,1
Coahuila,2021-12-01,1
Coahuila,2022-04-01,1
Coahuila,2022-05-01,1
Coahuila,2022-06-01,1
Coahuila,2022-07-01,3
Coahuila,2022-08-01,2
Coahuila,2022-09-01,1
Coahuila,2022-12-01,1
Coahuila,2023-01-01,1
Coahuila,2023-02-01,5
Coahuila,2023-03-01,5
Coahuila,2023-04-01,2
Coahuila,2023-05-01,3
Coahuila,2023-06-01,1
Coahuila,2023-07-01,3
Coahuila,2023-08-01,1
Colima,2017-02-01,1
Colima,2017-06-01,1
Colima,2017-10-01,1
Colima,2018-05-01,1
Colima,2018-06-01,1
Colima,2018-08-01,2
Colima,2019-02-01,1
Colima,2019-03-01,3
Colima,2019-05-01,1
Colima,2019-07-01,1
Colima,2019-11-01,1
Colima,2020-01-01,1
Colima,2020-03-01,1
Colima,2020-04-01,2
Colima,2020-06-01,1
Colima,2020-08-01,2
Colima,2020-11-01,1
Colima,2020-12-01,2
Colima,2021-06-01,1
Colima,2022-04-01,3
Colima,2022-05-01,2
Colima,2022-08-01,3
Colima,2022-09-01,2
Colima,2022-10-01,3
Colima,2022-11-01,2
Colima,2022-12-01,2
Colima,2023-01-01,2
Colima,2023-02-01,1
Colima,2023-03-01,1
Colima,2023-04-01,3
Colima,2023-05-01,3
Colima,2023-06-01,4
Colima,2023-07-01,3
Colima,2023-08-01,2
Colima,2023-09-01,1
Colima,2023-10-01,1
Colima,2023-12-01,1
Durango,2017-02-01,1
Durango,2017-03-01,2
Durango,2017-04-01,2
Durango,2017-09-01,1
Durango,2017-11-01,1
Durango,2017-12-01,2
Durango,2018-03-01,2
Durango,2018-04-01,1
Durango,2018-08-01,1
Durango,2018-09-01,1
Durango,2018-10-01,1
Durango,2019-03-01,2
Durango,2019-04-01,1
Durango,2019-05-01,1
Durango,2019-06-01,1
Durango,2019-08-01,2
Durango,2019-09-01,3
Durango,2019-10-01,2
Durango,2019-11-01,1
Durango,2019-12-01,2
Durango,2020-02-01,1
Durango,2020-03-01,1
Durango,2020-04-01,3
Durango,2020-05-01,2
Durango,2020-06-01,1
Durango,2020-07-01,1
Durango,2020-09-01,7
Durango,2020-10-01,3
Durango,2020-11-01,6
Durango,2020-12-01,2
Durango,2021-01-01,1
Durango,2021-02-01,3
Durango,2021-03-01,1
Durango,2021-04-01,2
Durango,2021-05-01,2
Durango,2021-07-01,2
Durango,2021-08-01,1
Durango,2021-09-01,1
Durango,2021-11-01,2
Durango,2021-12-01,2
Durango,2022-01-01,1
Durango,2022-02-01,2
Durango,2022-03-01,3
Durango,2022-04-01,1
Durango,2022-05-01,3
Durango,2022-07-01,2
Durango,2022-09-01,3
Durango,2022-10-01,1
Durango,2022-11-01,1
Durango,2022-12-01,3
Durango,2023-01-01,7
Durango,2023-02-01,1
Durango,2023-03-01,2
Durango,2023-04-01,2
Durango,2023-05-01,1
Durango,2023-06-01,2
Durango,2023-07-01,1
Durango,2023-08-01,1
Durango,2023-09-01,2
Durango,2023-10-01,1
Guanajuato,2017-01-01,8
Guanajuato,2017-02-01,3
Guanajuato,2017-03-01,7
Guanajuato,2017-04-01,8
Guanajuato,2017-05-01,9
Guanajuato,2017-06-01,15
Guanajuato,2017-07-01,7
Guanajuato,2017-08-01,8
Guanajuato,2017-09-01,9
Guanajuato,2017-10-01,5
Guanajuato,2017-11-01,7
Guanajuato,2017-12-01,7
Guanajuato,2018-01-01,4
Guanajuato,2018-02-01,7
Guanajuato,2018-03-01,11
Guanajuato,2018-04-01,12
Guanajuato,2018-05-01,12
Guanajuato,2018-06-01,4
Guanajuato,2018-07-01,6
Guanajuato,2018-08-01,4
Guanajuato,2018-09-01,4
Guanajuato,2018-10-01,6
Guanajuato,2018-11-01,9
Guanajuato,2018-12-01,8
Guanajuato,2019-01-01,4
Guanajuato,2019-02-01,6
Guanajuato,2019-03-01,16
Guanajuato,2019-04-01,15
Guanajuato,2019-05-01,12
Guanajuato,2019-06-01,10
Guanajuato,2019-07-01,8
Guanajuato,2019-08-01,8
Guanajuato,2019-09-01,13
Guanajuato,2019-10-01,10
Guanajuato,2019-11-01,12
Guanajuato,2019-12-01,13
Guanajuato,2020-01-01,16
Guanajuato,2020-02-01,11
Guanajuato,2020-03-01,13
Guanajuato,2020-04-01,13
Guanajuato,2020-05-01,10
Guanajuato,2020-06-01,12
Guanajuato,2020-07-01,12
Guanajuato,2020-08-01,10
Guanajuato,2020-09-01,19
Guanajuato,2020-10-01,19
Guanajuato,2020-11-01,21
Guanajuato,2020-12-01,21
Guanajuato,2021-01-01,13
Guanajuato,2021-02-01,18
Guanajuato,2021-03-01,13
Guanajuato,2021-04-01,17
Guanajuato,2021-05-01,14
Guanajuato,2021-06-01,24
Guanajuato,2021-07-01,20
Guanajuato,2021-08-01,22
Guanajuato,2021-09-01,16
Guanajuato,2021-10-01,17
Guanajuato,2021-11-01,21
Guanajuato,2021-12-01,14
Guanajuato,2022-01-01,24
Guanajuato,2022-02-01,14
Guanajuato,2022-03-01,14
Guanajuato,2022-04-01,13
Guanajuato,2022-05-01,18
Guanajuato,2022-06-01,26
Guanajuato,2022-07-01,25
Guanajuato,2022-08-01,34
Guanajuato,2022-09-01,18
Guanajuato,2022-10-01,15
Guanajuato,2022-11-01,17
Guanajuato,2022-12-01,11
Guanajuato,2023-01-01,3
Guanajuato,2023-02-01,2
Guanajuato,2023-03-01,2
Guanajuato,2023-04-01,1
Guanajuato,2023-05-01,3
Guanajuato,2023-06-01,1
Guanajuato,2023-07-01,3
Guanajuato,2023-08-01,3
Guanajuato,2023-09-01,5
Guanajuato,2023-10-01,3
Guanajuato,2023-11-01,4
Guanajuato,2023-12-01,2
Guerrero,2017-01-01,3
Guerrero,2017-02-01,4
Guerrero,2017-03-01,5
Guerrero,2017-04-01,2
Guerrero,2017-05-01,2
Guerrero,2017-06-01,1
Guerrero,2017-07-01,3
Guerrero,2017-08-01,1
Guerrero,2017-09-01,3
Guerrero,2017-10-01,2
Guerrero,2017-11-01,3
Guerrero,2017-12-01,6
Guerrero,2018-01-01,1
Guerrero,2018-02-01,2
Guerrero,2018-03-01,1
Guerrero,2018-05-01,1
Guerrero,2018-06-01,1
Guerrero,2018-07-01,1
Guerrero,2018-08-01,3
Guerrero,2018-09-01,3
Guerrero,2018-10-01,1
Guerrero,2018-11-01,4
Guerrero,2019-02-01,1
Guerrero,2019-03-01,2
Guerrero,2019-04-01,1
Guerrero,2019-05-01,2
Guerrero,2019-06-01,3
Guerrero,2019-09-01,1
Guerrero,2019-10-01,1
Guerrero,2019-11-01,3
Guerrero,2019-12-01,3
Guerrero,2020-01-01,1
Guerrero,2020-02-01,2
Guerrero,2020-03-01,2
Guerrero,2020-04-01,4
Guerrero,2020-05-01,4
Guerrero,2020-06-01,1
Guerrero,2020-07-01,3
Guerrero,2020-08-01,1
Guerrero,2020-09-01,1
Guerrero,2020-10-01,4
Guerrero,2020-11-01,7
Guerrero,2020-12-01,2
Guerrero,2021-01-01,1
Guerrero,2021-02-01,1
Guerrero,2021-03-01,4
Guerrero,2021-04-01,4
Guerrero,2021-05-01,6
Guerrero,2021-06-01,1
Guerrero,2021-07-01,2
Guerrero,2021-08-01,1
Guerrero,2021-09-01,1
Guerrero,2021-10-01,2
Guerrero,2021-11-01,2
Guerrero,2021-12-01,2
Guerrero,2022-02-01,2
Guerrero,2022-04-01,1
Guerrero,2022-07-01,1
Guerrero,2022-08-01,5
Guerrero,2022-09-01,4
Guerrero,2022-10-01,5
Guerrero,2022-11-01,2
Guerrero,2022-12-01,3
Guerrero,2023-01-01,1
Guerrero,2023-04-01,1
Guerrero,2023-05-01,3
Guerrero,2023-06-01,1
Guerrero,2023-07-01,5
Guerrero,2023-08-01,5
Guerrero,2023-09-01,5
Guerrero,2023-10-01,3
Guerrero,2023-11-01,2
Guerrero,2023-12-01,5
Hidalgo,2017-01-01,4
Hidalgo,2017-02-01,7
Hidalgo,2017-03-01,2
Hidalgo,2017-04-01,2
Hidalgo,2017-06-01,1
Hidalgo,2017-07-01,1
Hidalgo,2017-09-01,1
Hidalgo,2017-10-01,4
Hidalgo,2017-11-01,1
Hidalgo,2017-12-01,3
Hidalgo,2018-01-01,1
Hidalgo,2018-02-01,2
Hidalgo,2018-03-01,2
Hidalgo,2018-05-01,1
Hidalgo,2018-08-01,1
Hidalgo,2018-09-01,5
Hidalgo,2018-10-01,2
Hidalgo,2018-11-01,4
Hidalgo,2018-12-01,11
Hidalgo,2019-01-01,5
Hidalgo,2019-02-01,7
Hidalgo,2019-03-01,5
Hidalgo,2019-04-01,5
Hidalgo,2019-05-01,6
Hidalgo,2019-06-01,4
Hidalgo,2019-07-01,5
Hidalgo,2019-08-01,6
Hidalgo,2019-09-01,7
Hidalgo,2019-10-01,3
Hidalgo,2019-11-01,1
Hidalgo,2019-12-01,4
Hidalgo,2020-01-01,7
Hidalgo,2020-02-01,11
Hidalgo,2020-03-01,5
Hidalgo,2020-04-01,8
Hidalgo,2020-05-01,8
Hidalgo,2020-06-01,4
Hidalgo,2020-07-01,5
Hidalgo,2020-08-01,4
Hidalgo,2020-09-01,6
Hidalgo,2020-10-01,7
Hidalgo,2020-11-01,4
Hidalgo,2020-12-01,3
Hidalgo,2021-01-01,3
Hidalgo,2021-02-01,6
Hidalgo,2021-03-01,5
Hidalgo,2021-04-01,6
Hidalgo,2021-05-01,5
Hidalgo,2021-06-01,3
Hidalgo,2021-07-01,8
Hidalgo,2021-08-01,7
Hidalgo,2021-09-01,3
Hidalgo,2021-10-01,4
Hidalgo,2021-11-01,8
Hidalgo,2021-12-01,11
Hidalgo,2022-01-01,6
Hidalgo,2022-02-01,5
Hidalgo,2022-03-01,5
Hidalgo,2022-04-01,14
Hidalgo,2022-05-01,6
Hidalgo,2022-06-01,6
Hidalgo,2022-07-01,8
Hidalgo,2022-08-01,8
Hidalgo,2022-09-01,7
Hidalgo,2022-10-01,11
Hidalgo,2022-11-01,14
Hidalgo,2022-12-01,14
Hidalgo,2023-01-01,3
Hidalgo,2023-02-01,13
Hidalgo,2023-03-01,8
Hidalgo,2023-04-01,8
Hidalgo,2023-05-01,9
Hidalgo,2023-06-01,2
Hidalgo,2023-07-01,4
Hidalgo,2023-08-01,6
Hidalgo,2023-10-01,3
Hidalgo,2023-11-01,3
Hidalgo,2023-12-01,1
Jalisco,2017-01-01,21
Jalisco,2017-02-01,23
Jalisco,2017-03-01,27
Jalisco,2017-04-01,45
Jalisco,2017-05-01,31
Jalisco,2017-06-01,40
Jalisco,2017-07-01,32
Jalisco,2017-08-01,42
Jalisco,2017-09-01,35
Jalisco,2017-10-01,30
Jalisco,2017-11-01,35
Jalisco,2017-12-01,45
Jalisco,2018-01-01,30
Jalisco,2018-02-01,14
Jalisco,2018-03-01,20
Jalisco,2018-04-01,19
Jalisco,2018-05-01,38
Jalisco,2018-06-01,29
Jalisco,2018-07-01,15
Jalisco,2018-08-01,29
Jalisco,2018-09-01,26
Jalisco,2018-10-01,64
Jalisco,2018-11-01,19
Jalisco,2018-12-01,15
Jalisco,2019-01-01,19
Jalisco,2019-02-01,21
Jalisco,2019-03-01,21
Jalisco,2019-04-01,38
Jalisco,2019-05-01,35
Jalisco,2019-06-01,31
Jalisco,2019-07-01,17
Jalisco,2019-08-01,20
Jalisco,2019-09-01,23
Jalisco,2019-10-01,19
Jalisco,2019-11-01,25
Jalisco,2019-12-01,48
Jalisco,2020-01-01,29
Jalisco,2020-02-01,17
Jalisco,2020-03-01,18
Jalisco,2020-04-01,25
Jalisco,2020-05-01,27
Jalisco,2020-06-01,29
Jalisco,2020-07-01,27
Jalisco,2020-08-01,24
Jalisco,2020-09-01,25
Jalisco,2020-10-01,29
Jalisco,2020-11-01,24
Jalisco,2020-12-01,31
Jalisco,2021-01-01,31
Jalisco,2021-02-01,27
Jalisco,2021-03-01,26
Jalisco,2021-04-01,23
Jalisco,2021-05-01,23
Jalisco,2021-06-01,27
Jalisco,2021-07-01,25
Jalisco,2021-08-01,14
Jalisco,2021-09-01,26
Jalisco,2021-10-01,18
Jalisco,2021-11-01,14
Jalisco,2021-12-01,20
Jalisco,2022-01-01,17
Jalisco,2022-02-01,17
Jalisco,2022-03-01,11
Jalisco,2022-04-01,24
Jalisco,2022-05-01,24
Jalisco,2022-06-01,11
Jalisco,2022-07-01,20
Jalisco,2022-08-01,33
Jalisco,2022-09-01,38
Jalisco,2022-10-01,19
Jalisco,2022-11-01,15
Jalisco,2022-12-01,12
Jalisco,2023-01-01,4
Jalisco,2023-02-01,4
Jalisco,2023-03-01,9
Jalisco,2023-04-01,2
Jalisco,2023-05-01,3
Jalisco,2023-06-01,6
Jalisco,2023-07-01,4
Jalisco,2023-08-01,10
Jalisco,2023-09-01,8
Jalisco,2023-10-01,38
Jalisco,2023-11-01,29
Jalisco,2023-12-01,30
Michoacán,2017-01-01,17
Michoacán,2017-02-01,8
Michoacán,2017-03-01,17
Michoacán,2017-04-01,52
Michoacán,2017-05-01,24
Michoacán,2017-06-01,28
Michoacán,2017-07-01,25
Michoacán,2017-08-01,16
Michoacán,2017-09-01,23
Michoacán,2017-10-01,23
Michoacán,2017-11-01,29
Michoacán,2017-12-01,36
Michoacán,2018-01-01,12
Michoacán,2018-02-01,21
Michoacán,2018-03-01,23
Michoacán,2018-04-01,23
Michoacán,2018-05-01,25
Michoacán,2018-06-01,16
Michoacán,2018-07-01,18
Michoacán,2018-08-01,20
Michoacán,2018-09-01,20
Michoacán,2018-10-01,19
Michoacán,2018-11-01,11
Michoacán,2018-12-01,21
Michoacán,2019-01-01,18
Michoacán,2019-02-01,18
Michoacán,2019-03-01,21
Michoacán,2019-04-01,20
Michoacán,2019-05-01,11
Michoacán,2019-06-01,17
Michoacán,2019-07-01,11
Michoacán,2019-08-01,15
Michoacán,2019-09-01,10
Michoacán,2019-10-01,16
Michoacán,2019-11-01,8
Michoacán,2019-12-01,9
Michoacán,2020-01-01,11
Michoacán,2020-02-01,11
Michoacán,2020-03-01,21
Michoacán,2020-04-01,8
Michoacán,2020-05-01,8
Michoacán,2020-06-01,17
Michoacán,2020-07-01,10
Michoacán,2020-08-01,10
Michoacán,2020-09-01,18
Michoacán,2020-10-01,7
Michoacán,2020-11-01,5
Michoacán,2020-12-01,11
Michoacán,2021-01-01,6
Michoacán,2021-02-01,6
Michoacán,2021-03-01,14
Michoacán,2021-04-01,15
Michoacán,2021-05-01,18
Michoacán,2021-06-01,20
Michoacán,2021-07-01,18
Michoacán,2021-08-01,19
Michoacán,2021-09-01,11
Michoacán,2021-10-01,8
Michoacán,2021-11-01,23
Michoacán,2021-12-01,6
Michoacán,2022-01-01,8
Michoacán,2022-02-01,8
Michoacán,2022-03-01,6
Michoacán,2022-04-01,3
Michoacán,2022-05-01,5
Michoacán,2022-06-01,4
Michoacán,2022-07-01,17
Michoacán,2022-08-01,4
Michoacán,2022-09-01,6
Michoacán,2022-10-01,3
Michoacán,2022-11-01,8
Michoacán,2022-12-01,7
Michoacán,2023-01-01,1
Michoacán,2023-02-01,7
Michoacán,2023-04-01,3
Michoacán,2023-05-01,1
Michoacán,2023-06-01,2
Michoacán,2023-07-01,1
Michoacán,2023-08-01,1
Michoacán,2023-09-01,2
Michoacán,2023-10-01,11
Michoacán,2023-11-01,3
Michoacán,2023-12-01,7
Morelos,2017-01-01,4
Morelos,2017-02-01,2
Morelos,2017-03-01,38
Morelos,2017-04-01,44
Morelos,2017-05-01,5
Morelos,2017-06-01,3
Morelos,2017-07-01,5
Morelos,2017-08-01,5
Morelos,2017-09-01,6
Morelos,2017-10-01,6
Morelos,2017-11-01,4
Morelos,2017-12-01,7
Morelos,2018-01-01,4
Morelos,2018-02-01,9
Morelos,2018-03-01,3
Morelos,2018-04-01,4
Morelos,2018-05-01,4
Morelos,2018-08-01,2
Morelos,2018-09-01,3
Morelos,2018-10-01,6
Morelos,2018-11-01,4
Morelos,2018-12-01,3
Morelos,2019-01-01,2
Morelos,2019-02-01,1
Morelos,2019-03-01,5
Morelos,2019-04-01,3
Morelos,2019-05-01,3
Morelos,2019-06-01,2
Morelos,2019-07-01,7
Morelos,2019-08-01,1
Morelos,2019-09-01,2
Morelos,2019-10-01,4
Morelos,2019-11-01,3
Morelos,2020-01-01,3
Morelos,2020-02-01,2
Morelos,2020-03-01,1
Morelos,2020-04-01,2
Morelos,2020-05-01,5
Morelos,2020-09-01,1
Morelos,2020-10-01,1
Morelos,2020-11-01,3
Morelos,2020-12-01,6
Morelos,2021-01-01,2
Morelos,2021-02-01,1
Morelos,2021-03-01,4
Morelos,2021-04-01,7
Morelos,2021-05-01,3
Morelos,2021-06-01,15
Morelos,2021-07-01,88
Morelos,2021-08-01,36
Morelos,2021-09-01,7
Morelos,2021-10-01,3
Morelos,2021-11-01,6
Morelos,2021-12-01,6
Morelos,2022-01-01,4
Morelos,2022-02-01,2
Morelos,2022-03-01,7
Morelos,2022-04-01,7
Morelos,2022-05-01,4
Morelos,2022-06-01,4
Morelos,2022-08-01,1
Morelos,2022-09-01,7
Morelos,2022-10-01,3
Morelos,2022-11-01,5
Morelos,2022-12-01,6
Morelos,2023-01-01,5
Morelos,2023-02-01,2
Morelos,2023-03-01,4
Morelos,2023-04-01,8
Morelos,2023-05-01,6
Morelos,2023-06-01,7
Morelos,2023-07-01,3
Morelos,2023-08-01,1
Morelos,2023-09-01,6
Morelos,2023-10-01,9
Morelos,2023-11-01,4
Morelos,2023-12-01,1
México,2017-01-01,23
México,2017-02-01,25
México,2017-03-01,44
México,2017-04-01,43
México,2017-05-01,40
México,2017-06-01,47
México,2017-07-01,49
México,2017-08-01,44
México,2017-09-01,31
México,2017-10-01,55
México,2017-11-01,37
México,2017-12-01,50
México,2018-01-01,43
México,2018-02-01,32
México,2018-03-01,44
México,2018-04-01,42
México,2018-05-01,48
México,2018-06-01,55
México,2018-07-01,39
México,2018-08-01,44
México,2018-09-01,62
México,2018-10-01,46
México,2018-11-01,36
México,2018-12-01,48
México,2019-01-01,56
México,2019-02-01,55
México,2019-03-01,53
México,2019-04-01,58
México,2019-05-01,51
México,2019-06-01,52
México,2019-07-01,52
México,2019-08-01,63
México,2019-09-01,71
México,2019-10-01,72
México,2019-11-01,59
México,2019-12-01,64
México,2020-01-01,71
México,2020-02-01,54
México,2020-03-01,68
México,2020-04-01,36
México,2020-05-01,49
México,2020-06-01,40
México,2020-07-01,36
México,2020-08-01,56
México,2020-09-01,44
México,2020-10-01,70
México,2020-11-01,60
México,2020-12-01,77
México,2021-01-01,67
México,2021-02-01,66
México,2021-03-01,65
México,2021-04-01,67
México,2021-05-01,91
México,2021-06-01,62
México,2021-07-01,38
México,2021-08-01,41
México,2021-09-01,48
México,2021-10-01,45
México,2021-11-01,56
México,2021-12-01,55
México,2022-01-01,47
México,2022-02-01,80
México,2022-03-01,74
México,2022-04-01,64
México,2022-05-01,60
México,2022-06-01,72
México,2022-07-01,58
México,2022-08-01,51
México,2022-09-01,95
México,2022-10-01,91
México,2022-11-01,96
México,2022-12-01,76
México,2023-01-01,8
México,2023-02-01,1
México,2023-03-01,2
México,2023-04-01,4
México,2023-05-01,5
México,2023-06-01,4
México,2023-07-01,9
México,2023-08-01,4
México,2023-09-01,6
México,2023-10-01,3
México,2023-11-01,1
México,2023-12-01,1
Nayarit,2017-01-01,2
Nayarit,2017-03-01,1
Nayarit,2017-06-01,1
Nayarit,2018-01-01,1
Nayarit,2018-02-01,3
Nayarit,2018-05-01,1
Nayarit,2018-08-01,1
Nayarit,2018-09-01,1
Nayarit,2018-10-01,1
Nayarit,2018-11-01,2
Nayarit,2019-01-01,1
Nayarit,2019-02-01,3
Nayarit,2019-05-01,2
Nayarit,2019-06-01,1
Nayarit,2019-07-01,1
Nayarit,2019-08-01,2
Nayarit,2019-09-01,2
Nayarit,2019-10-01,2
Nayarit,2019-12-01,2
Nayarit,2020-02-01,1
Nayarit,2020-03-01,2
Nayarit,2020-04-01,6
Nayarit,2020-06-01,3
Nayarit,2020-08-01,1
Nayarit,2020-09-01,2
Nayarit,2020-11-01,1
Nayarit,2021-01-01,1
Nayarit,2021-02-01,2
Nayarit,2021-04-01,3
Nayarit,2021-06-01,2
Nayarit,2021-07-01,3
Nayarit,2021-08-01,4
Nayarit,2021-09-01,3
Nayarit,2021-11-01,1
Nayarit,2021-12-01,2
Nayarit,2022-01-01,1
Nayarit,2022-02-01,2
Nayarit,2022-04-01,5
Nayarit,2022-08-01,1
Nayarit,2022-10-01,2
Nayarit,2022-12-01,1
Nayarit,2023-01-01,3
Nayarit,2023-02-01,1
Nayarit,2023-04-01,1
Nayarit,2023-05-01,1
Nayarit,2023-06-01,1
Nayarit,2023-07-01,1
Nayarit,2023-10-01,1
Nuevo León,2017-01-01,5
Nuevo León,2017-02-01,3
Nuevo León,2017-03-01,6
Nuevo León,2017-04-01,6
Nuevo León,2017-05-01,9
Nuevo León,2017-06-01,2
Nuevo León,2017-07-01,6
Nuevo León,2017-08-01,5
Nuevo León,2017-09-01,3
Nuevo León,2017-10-01,3
Nuevo León,2017-11-01,4
Nuevo León,2017-12-01,2
Nuevo León,2018-01-01,4
Nuevo León,2018-02-01,5
Nuevo León,2018-03-01,9
Nuevo León,2018-04-01,8
Nuevo León,2018-05-01,15
Nuevo León,2018-06-01,9
Nuevo León,2018-07-01,7
Nuevo León,2018-08-01,13
Nuevo León,2018-09-01,11
Nuevo León,2018-10-01,7
Nuevo León,2018-11-01,11
Nuevo León,2018-12-01,12
Nuevo León,2019-01-01,2
Nuevo León,2019-02-01,6
Nuevo León,2019-03-01,3
Nuevo León,2019-04-01,8
Nuevo León,2019-05-01,5
Nuevo León,2019-06-01,7
Nuevo León,2019-07-01,6
Nuevo León,2019-08-01,14
Nuevo León,2019-09-01,6
Nuevo León,2019-10-01,6
Nuevo León,2019-11-01,4
Nuevo León,2019-12-01,4
Nuevo León,2020-01-01,3
Nuevo León,2020-02-01,5
Nuevo León,2020-03-01,6
Nuevo León,2020-04-01,2
Nuevo León,2020-05-01,4
Nuevo León,2020-06-01,9
Nuevo León,2020-07-01,5
Nuevo León,2020-08-01,3
Nuevo León,2020-09-01,8
Nuevo León,2020-10-01,6
Nuevo León,2020-11-01,1
Nuevo León,2020-12-01,11
Nuevo León,2021-01-01,6
Nuevo León,2021-02-01,3
Nuevo León,2021-03-01,4
Nuevo León,2021-04-01,5
Nuevo León,2021-05-01,3
Nuevo León,2021-06-01,9
Nuevo León,2021-07-01,3
Nuevo León,2021-08-01,4
Nuevo León,2021-09-01,9
Nuevo León,2021-10-01,4
Nuevo León,2021-11-01,5
Nuevo León,2021-12-01,9
Nuevo León,2022-02-01,3
Nuevo León,2022-03-01,4
Nuevo León,2022-04-01,4
Nuevo León,2022-05-01,4
Nuevo León,2022-06-01,2
Nuevo León,2022-07-01,6
Nuevo León,2022-08-01,6
Nuevo León,2022-09-01,4
Nuevo León,2022-10-01,6
Nuevo León,2022-11-01,10
Nuevo León,2022-12-01,7
Nuevo León,2023-01-01,8
Nuevo León,2023-02-01,7
Nuevo León,2023-03-01,8
Nuevo León,2023-04-01,6
Nuevo León,2023-05-01,18
Nuevo León,2023-06-01,11
Nuevo León,2023-07-01,6
Nuevo León,2023-08-01,10
Nuevo León,2023-09-01,6
Nuevo León,2023-10-01,13
Nuevo León,2023-11-01,7
Nuevo León,2023-12-01,14
Oaxaca,2017-01-01,3
Oaxaca,2017-02-01,4
Oaxaca,2017-03-01,4
Oaxaca,2017-04-01,5
Oaxaca,2017-05-01,2
Oaxaca,2017-06-01,3
Oaxaca,2017-07-01,3
Oaxaca,2017-08-01,3
Oaxaca,2017-09-01,4
Oaxaca,2017-10-01,3
Oaxaca,2017-11-01,4
Oaxaca,2017-12-01,3
Oaxaca,2018-01-01,4
Oaxaca,2018-02-01,1
Oaxaca,2018-03-01,1
Oaxaca,2018-04-01,6
Oaxaca,2018-05-01,3
Oaxaca,2018-06-01,2
Oaxaca,2018-07-01,6
Oaxaca,2018-08-01,4
Oaxaca,2018-09-01,5
Oaxaca,2018-10-01,1
Oaxaca,2018-11-01,3
Oaxaca,2018-12-01,5
Oaxaca,2019-01-01,5
Oaxaca,2019-02-01,2
Oaxaca,2019-03-01,4
Oaxaca,2019-04-01,3
Oaxaca,2019-05-01,6
Oaxaca,2019-06-01,1
Oaxaca,2019-07-01,4
Oaxaca,2019-08-01,3
Oaxaca,2019-09-01,4
Oaxaca,2019-10-01,4
Oaxaca,2019-11-01,4
Oaxaca,2019-12-01,4
Oaxaca,2020-01-01,4
Oaxaca,2020-02-01,1
Oaxaca,2020-03-01,4
Oaxaca,2020-04-01,3
Oaxaca,2020-05-01,3
Oaxaca,2020-07-01,4
Oaxaca,2020-08-01,5
Oaxaca,2020-09-01,2
Oaxaca,2020-10-01,2
Oaxaca,2020-12-01,1
Oaxaca,2021-01-01,4
Oaxaca,2021-02-01,8
Oaxaca,2021-03-01,5
Oaxaca,2021-04-01,6
Oaxaca,2021-05-01,5
Oaxaca,2021-06-01,5
Oaxaca,2021-07-01,2
Oaxaca,2021-08-01,4
Oaxaca,2021-09-01,3
Oaxaca,2021-10-01,6
Oaxaca,2021-11-01,6
Oaxaca,2021-12-01,1
Oaxaca,2022-01-01,1
Oaxaca,2022-02-01,2
Oaxaca,2022-03-01,1
Oaxaca,2022-04-01,2
Oaxaca,2022-05-01,7
Oaxaca,2022-06-01,4
Oaxaca,2022-07-01,4
Oaxaca,2022-08-01,2
Oaxaca,2022-09-01,3
Oaxaca,2022-10-01,6
Oaxaca,2022-11-01,1
Oaxaca,2022-12-01,1
Oaxaca,2023-01-01,2
Oaxaca,2023-02-01,1
Oaxaca,2023-03-01,2
Oaxaca,2023-05-01,1
Oaxaca,2023-07-01,2
Oaxaca,2023-08-01,3
Oaxaca,2023-09-01,2
Oaxaca,2023-10-01,1
Oaxaca,2023-11-01,3
Puebla,2017-01-01,3
Puebla,2017-02-01,7
Puebla,2017-03-01,4
Puebla,2017-04-01,2
Puebla,2017-05-01,8
Puebla,2017-06-01,8
Puebla,2017-07-01,6
Puebla,2017-08-01,7
Puebla,2017-09-01,4
Puebla,2017-10-01,8
Puebla,2017-11-01,12
Puebla,2017-12-01,2
Puebla,2018-01-01,5
Puebla,2018-02-01,13
Puebla,2018-03-01,6
Puebla,2018-04-01,3
Puebla,2018-05-01,6
Puebla,2018-06-01,2
Puebla,2018-07-01,8
Puebla,2018-08-01,9
Puebla,2018-09-01,11
Puebla,2018-10-01,3
Puebla,2018-11-01,5
Puebla,2018-12-01,9
Puebla,2019-01-01,4
Puebla,2019-02-01,5
Puebla,2019-03-01,2
Puebla,2019-04-01,4
Puebla,2019-05-01,6
Puebla,2019-06-01,2
Puebla,2019-07-01,3
Puebla,2019-08-01,15
Puebla,2019-09-01,4
Puebla,2019-10-01,3
Puebla,2019-11-01,3
Puebla,2019-12-01,4
Puebla,2020-01-01,6
Puebla,2020-02-01,3
Puebla,2020-03-01,11
Puebla,2020-04-01,15
Puebla,2020-05-01,6
Puebla,2020-06-01,3
Puebla,2020-07-01,9
Puebla,2020-08-01,11
Puebla,2020-09-01,8
Puebla,2020-10-01,85
Puebla,2020-11-01,21
Puebla,2020-12-01,29
Puebla,2021-01-01,16
Puebla,2021-02-01,6
Puebla,2021-03-01,20
Puebla,2021-04-01,25
Puebla,2021-05-01,25
Puebla,2021-06-01,24
Puebla,2021-07-01,25
Puebla,2021-08-01,25
Puebla,2021-09-01,9
Puebla,2021-10-01,29
Puebla,2021-11-01,16
Puebla,2021-12-01,19
Puebla,2022-01-01,19
Puebla,2022-02-01,13
Puebla,2022-03-01,13
Puebla,2022-04-01,5
Puebla,2022-05-01,15
Puebla,2022-06-01,18
Puebla,2022-07-01,8
Puebla,2022-08-01,26
Puebla,2022-09-01,11
Puebla,2022-10-01,18
Puebla,2022-11-01,15
Puebla,2022-12-01,22
Puebla,2023-01-01,2
Puebla,2023-02-01,9
Puebla,2023-03-01,1
Puebla,2023-04-01,7
Puebla,2023-05-01,2
Puebla,2023-06-01,7
Puebla,2023-07-01,7
Puebla,2023-08-01,12
Puebla,2023-09-01,5
Puebla,2023-10-01,3
Puebla,2023-11-01,4
Puebla,2023-12-01,15
Querétaro,2017-01-01,4
Querétaro,2017-03-01,1
Querétaro,2017-04-01,1
Querétaro,2017-05-01,1
Querétaro,2017-06-01,1
Querétaro,2017-08-01,1
Querétaro,2018-05-01,1
Querétaro,2018-08-01,1
Querétaro,2018-12-01,3
Querétaro,2019-01-01,1
Querétaro,2019-02-01,1
Querétaro,2019-04-01,1
Querétaro,2019-06-01,1
Querétaro,2019-07-01,1
Querétaro,2019-08-01,2
Querétaro,2019-12-01,3
Querétaro,2020-03-01,1
Querétaro,2020-04-01,1
Querétaro,2020-05-01,1
Querétaro,2020-08-01,2
Querétaro,2020-09-01,2
Querétaro,2020-10-01,2
Querétaro,2020-11-01,1
Querétaro,2020-12-01,2
Querétaro,2021-02-01,1
Querétaro,2021-05-01,1
Querétaro,2021-06-01,1
Querétaro,2021-08-01,1
Querétaro,2021-12-01,1
Querétaro,2022-04-01,3
Querétaro,2022-05-01,1
Querétaro,2022-08-01,3
Querétaro,2022-09-01,2
Querétaro,2022-10-01,2
Querétaro,2022-11-01,2
Querétaro,2023-01-01,1
Querétaro,2023-02-01,1
Querétaro,2023-03-01,1
Querétaro,2023-04-01,2
Querétaro,2023-05-01,2
Querétaro,2023-07-01,1
Querétaro,2023-08-01,1
Querétaro,2023-09-01,1
Quintana Roo,2017-03-01,3
Quintana Roo,2017-04-01,2
Quintana Roo,2017-06-01,1
Quintana Roo,2017-08-01,1
Quintana Roo,2017-09-01,3
Quintana Roo,2017-10-01,1
Quintana Roo,2017-12-01,1
Quintana Roo,2018-01-01,1
Quintana Roo,2018-04-01,1
Quintana Roo,2018-05-01,1
Quintana Roo,2018-07-01,2
Quintana Roo,2018-08-01,2
Quintana Roo,2018-10-01,4
Quintana Roo,2018-11-01,1
Quintana Roo,2018-12-01,2
Quintana Roo,2019-01-01,2
Quintana Roo,2019-02-01,1
Quintana Roo,2019-04-01,1
Quintana Roo,2019-05-01,2
Quintana Roo,2019-06-01,1
Quintana Roo,2019-07-01,2
Quintana Roo,2019-08-01,2
Quintana Roo,2019-09-01,1
Quintana Roo,2019-10-01,3
Quintana Roo,2019-11-01,1
Quintana Roo,2019-12-01,3
Quintana Roo,2020-01-01,4
Quintana Roo,2020-02-01,2
Quintana Roo,2020-03-01,1
Quintana Roo,2020-04-01,1
Quintana Roo,2020-05-01,1
Quintana Roo,2020-09-01,3
Quintana Roo,2020-10-01,3
Quintana Roo,2020-11-01,2
Quintana Roo,2021-02-01,1
Quintana Roo,2021-03-01,2
Quintana Roo,2021-04-01,3
Quintana Roo,2021-05-01,3
Quintana Roo,2021-06-01,1
Quintana Roo,2021-07-01,4
Quintana Roo,2021-08-01,4
Quintana Roo,2021-09-01,4
Quintana Roo,2021-10-01,8
Quintana Roo,2021-11-01,4
Quintana Roo,2021-12-01,2
Quintana Roo,2022-01-01,5
Quintana Roo,2022-02-01,5
Quintana Roo,2022-03-01,3
Quintana Roo,2022-04-01,2
Quintana Roo,2022-05-01,4
Quintana Roo,2022-06-01,1
Quintana Roo,2022-07-01,4
Quintana Roo,2022-08-01,5
Quintana Roo,2022-11-01,4
Quintana Roo,2022-12-01,3
Quintana Roo,2023-02-01,1
Quintana Roo,2023-03-01,2
Quintana Roo,2023-04-01,1
Quintana Roo,2023-05-01,1
Quintana Roo,2023-06-01,1
Quintana Roo,2023-07-01,2
Quintana Roo,2023-09-01,1
San Luis Potosí,2017-01-01,2
San Luis Potosí,2017-02-01,1
San Luis Potosí,2017-03-01,3
San Luis Potosí,2017-05-01,5
San Luis Potosí,2017-06-01,2
San Luis Potosí,2017-08-01,3
San Luis Potosí,2017-09-01,3
San Luis Potosí,2017-10-01,3
San Luis Potosí,2018-02-01,4
San Luis Potosí,2018-03-01,1
San Luis Potosí,2018-04-01,2
San Luis Potosí,2018-05-01,1
San Luis Potosí,2018-06-01,2
San Luis Potosí,2018-07-01,2
San Luis Potosí,2018-09-01,4
San Luis Potosí,2018-10-01,3
San Luis Potosí,2018-11-01,6
San Luis Potosí,2018-12-01,1
San Luis Potosí,2019-02-01,5
San Luis Potosí,2019-03-01,1
San Luis Potosí,2019-04-01,2
San Luis Potosí,2019-05-01,4
San Luis Potosí,2019-06-01,2
San Luis Potosí,2019-08-01,2
San Luis Potosí,2019-09-01,2
San Luis Potosí,2019-11-01,3
San Luis Potosí,2019-12-01,2
San Luis Potosí,2020-02-01,5
San Luis Potosí,2020-03-01,5
San Luis Potosí,2020-04-01,1
San Luis Potosí,2020-05-01,2
San Luis Potosí,2020-06-01,2
San Luis Potosí,2020-07-01,2
San Luis Potosí,2020-08-01,4
San Luis Potosí,2020-10-01,7
San Luis Potosí,2020-11-01,3
San Luis Potosí,2021-01-01,4
San Luis Potosí,2021-02-01,1
San Luis Potosí,2021-03-01,6
San Luis Potosí,2021-04-01,7
San Luis Potosí,2021-05-01,6
San Luis Potosí,2021-06-01,3
San Luis Potosí,2021-07-01,2
San Luis Potosí,2021-08-01,5
San Luis Potosí,2021-09-01,1
San Luis Potosí,2021-11-01,3
San Luis Potosí,2021-12-01,5
San Luis Potosí,2022-01-01,2
San Luis Potosí,2022-02-01,3
San Luis Potosí,2022-03-01,4
San Luis Potosí,2022-04-01,2
San Luis Potosí,2022-05-01,4
San Luis Potosí,2022-06-01,1
San Luis Potosí,2022-07-01,3
San Luis Potosí,2022-08-01,1
San Luis Potosí,2022-10-01,1
San Luis Potosí,2022-11-01,2
San Luis Potosí,2022-12-01,3
San Luis Potosí,2023-01-01,2
San Luis Potosí,2023-02-01,3
San Luis Potosí,2023-03-01,2
San Luis Potosí,2023-04-01,1
San Luis Potosí,2023-05-01,1
San Luis Potosí,2023-06-01,1
San Luis Potosí,2023-07-01,3
San Luis Potosí,2023-09-01,3
San Luis Potosí,2023-10-01,2
San Luis Potosí,2023-11-01,3
San Luis Potosí,2023-12-01,4
Sinaloa,2017-03-01,1
Sinaloa,2017-05-01,1
Sinaloa,2017-12-01,1
Sinaloa,2018-06-01,1
Sinaloa,2018-08-01,2
Sinaloa,2018-09-01,1
Sinaloa,2018-10-01,2
Sinaloa,2019-01-01,1
Sinaloa,2019-05-01,2
Sinaloa,2019-08-01,3
Sinaloa,2019-09-01,1
Sinaloa,2019-10-01,2
Sinaloa,2019-11-01,1
Sinaloa,2020-01-01,1
Sinaloa,2020-02-01,1
Sinaloa,2020-03-01,3
Sinaloa,2020-04-01,1
Sinaloa,2020-05-01,1
Sinaloa,2020-06-01,1
Sinaloa,2020-08-01,2
Sinaloa,2020-09-01,3
Sinaloa,2020-10-01,2
Sinaloa,2020-11-01,1
Sinaloa,2020-12-01,1
Sinaloa,2021-07-01,1
Sinaloa,2022-01-01,1
Sinaloa,2022-02-01,1
Sinaloa,2022-03-01,7
Sinaloa,2022-05-01,1
Sinaloa,2022-06-01,1
Sinaloa,2022-10-01,1
Sinaloa,2022-11-01,1
Sinaloa,2023-03-01,1
Sinaloa,2023-04-01,1
Sinaloa,2023-05-01,4
Sinaloa,2023-06-01,1
Sinaloa,2023-10-01,6
Sinaloa,2023-11-01,2
Sinaloa,2023-12-01,3
Sonora,2017-02-01,1
Sonora,2017-04-01,2
Sonora,2017-06-01,2
Sonora,2017-07-01,1
Sonora,2017-08-01,1
Sonora,2017-10-01,2
Sonora,2017-11-01,1
Sonora,2018-01-01,1
Sonora,2018-02-01,1
Sonora,2018-03-01,3
Sonora,2018-07-01,2
Sonora,2018-08-01,1
Sonora,2019-03-01,1
Sonora,2019-04-01,2
Sonora,2019-05-01,2
Sonora,2019-08-01,3
Sonora,2019-10-01,1
Sonora,2019-11-01,1
Sonora,2019-12-01,2
Sonora,2020-01-01,1
Sonora,2020-02-01,1
Sonora,2020-03-01,1
Sonora,2020-04-01,2
Sonora,2020-05-01,1
Sonora,2020-06-01,2
Sonora,2020-08-01,3
Sonora,2020-09-01,5
Sonora,2020-10-01,2
Sonora,2020-11-01,2
Sonora,2020-12-01,1
Sonora,2021-03-01,1
Sonora,2021-06-01,4
Sonora,2021-07-01,5
Sonora,2021-08-01,2
Sonora,2021-09-01,1
Sonora,2021-12-01,2
Sonora,2022-02-01,1
Sonora,2022-03-01,1
Sonora,2022-04-01,1
Sonora,2022-05-01,3
Sonora,2022-06-01,2
Sonora,2022-07-01,2
Sonora,2022-08-01,2
Sonora,2022-09-01,2
Sonora,2022-10-01,2
Sonora,2022-11-01,1
Sonora,2022-12-01,1
Sonora,2023-01-01,1
Sonora,2023-02-01,5
Sonora,2023-06-01,1
Sonora,2023-07-01,1
Sonora,2023-09-01,1
Sonora,2023-11-01,1
Sonora,2023-12-01,1
Tabasco,2017-01-01,2
Tabasco,2017-03-01,2
Tabasco,2017-04-01,3
Tabasco,2017-05-01,2
Tabasco,2017-06-01,3
Tabasco,2017-07-01,2
Tabasco,2017-09-01,2
Tabasco,2017-10-01,1
Tabasco,2017-11-01,3
Tabasco,2017-12-01,2
Tabasco,2018-01-01,2
Tabasco,2018-03-01,1
Tabasco,2018-06-01,2
Tabasco,2018-07-01,2
Tabasco,2018-09-01,3
Tabasco,2018-10-01,3
Tabasco,2018-12-01,1
Tabasco,2019-01-01,5
Tabasco,2019-02-01,3
Tabasco,2019-03-01,6
Tabasco,2019-04-01,2
Tabasco,2019-06-01,2
Tabasco,2019-07-01,1
Tabasco,2019-08-01,4
Tabasco,2019-10-01,4
Tabasco,2019-11-01,2
Tabasco,2019-12-01,1
Tabasco,2020-01-01,1
Tabasco,2020-02-01,1
Tabasco,2020-03-01,1
Tabasco,2020-05-01,1
Tabasco,2020-06-01,2
Tabasco,2020-07-01,4
Tabasco,2020-09-01,4
Tabasco,2020-10-01,2
Tabasco,2020-12-01,2
Tabasco,2021-01-01,2
Tabasco,2021-02-01,1
Tabasco,2021-05-01,3
Tabasco,2021-06-01,1
Tabasco,2021-07-01,1
Tabasco,2021-09-01,1
Tabasco,2021-10-01,4
Tabasco,2021-11-01,1
Tabasco,2021-12-01,1
Tabasco,2022-01-01,1
Tabasco,2022-02-01,3
Tabasco,2022-04-01,1
Tabasco,2022-05-01,1
Tabasco,2022-07-01,2
Tabasco,2022-10-01,1
Tabasco,2023-01-01,1
Tabasco,2023-04-01,1
Tabasco,2023-05-01,2
Tabasco,2023-06-01,2
Tabasco,2023-09-01,3
Tabasco,2023-12-01,1
Tamaulipas,2017-01-01,3
Tamaulipas,2017-02-01,6
Tamaulipas,2017-03-01,6
Tamaulipas,2017-04-01,4
Tamaulipas,2017-06-01,3
Tamaulipas,2017-07-01,3
Tamaulipas,2017-08-01,7
Tamaulipas,2017-09-01,1
Tamaulipas,2017-10-01,2
Tamaulipas,2017-11-01,2
Tamaulipas,2018-01-01,3
Tamaulipas,2018-02-01,5
Tamaulipas,2018-03-01,4
Tamaulipas,2018-04-01,3
Tamaulipas,2018-05-01,4
Tamaulipas,2018-06-01,4
Tamaulipas,2018-07-01,3
Tamaulipas,2018-08-01,2
Tamaulipas,2018-09-01,3
Tamaulipas,2018-10-01,1
Tamaulipas,2018-11-01,4
Tamaulipas,2018-12-01,3
Tamaulipas,2019-01-01,1
Tamaulipas,2019-02-01,3
Tamaulipas,2019-03-01,1
Tamaulipas,2019-04-01,3
Tamaulipas,2019-05-01,3
Tamaulipas,2019-06-01,4
Tamaulipas,2019-07-01,5
Tamaulipas,2019-08-01,1
Tamaulipas,2019-09-01,4
Tamaulipas,2019-10-01,4
Tamaulipas,2019-11-01,2
Tamaulipas,2019-12-01,5
Tamaulipas,2020-01-01,1
Tamaulipas,2020-02-01,4
Tamaulipas,2020-03-01,2
Tamaulipas,2020-04-01,6
Tamaulipas,2020-05-01,6
Tamaulipas,2020-06-01,8
Tamaulipas,2020-07-01,4
Tamaulipas,2020-08-01,12
Tamaulipas,2020-09-01,3
Tamaulipas,2020-10-01,3
Tamaulipas,2020-11-01,10
Tamaulipas,2020-12-01,9
Tamaulipas,2021-01-01,1
Tamaulipas,2021-02-01,2
Tamaulipas,2021-03-01,1
Tamaulipas,2021-04-01,3
Tamaulipas,2021-05-01,9
Tamaulipas,2021-06-01,4
Tamaulipas,2021-08-01,7
Tamaulipas,2021-09-01,2
Tamaulipas,2021-10-01,1
Tamaulipas,2021-11-01,6
Tamaulipas,2021-12-01,2
Tamaulipas,2022-01-01,2
Tamaulipas,2022-02-01,2
Tamaulipas,2022-03-01,4
Tamaulipas,2022-04-01,2
Tamaulipas,2022-05-01,4
Tamaulipas,2022-07-01,2
Tamaulipas,2022-08-01,6
Tamaulipas,2022-09-01,1
Tamaulipas,2022-10-01,4
Tamaulipas,2022-11-01,4
Tamaulipas,2022-12-01,2
Tamaulipas,2023-01-01,6
Tamaulipas,2023-02-01,2
Tamaulipas,2023-03-01,2
Tamaulipas,2023-04-01,5
Tamaulipas,2023-05-01,5
Tamaulipas,2023-06-01,2
Tamaulipas,2023-07-01,6
Tamaulipas,2023-08-01,1
Tamaulipas,2023-09-01,3
Tamaulipas,2023-10-01,3
Tamaulipas,2023-11-01,1
Tlaxcala,2017-02-01,1
Tlaxcala,2017-06-01,1
Tlaxcala,2017-10-01,1
Tlaxcala,2017-12-01,2
Tlaxcala,2018-08-01,1
Tlaxcala,2018-09-01,1
Tlaxcala,2018-10-01,1
Tlaxcala,2019-04-01,1
Tlaxcala,2019-09-01,1
Tlaxcala,2019-11-01,2
Tlaxcala,2019-12-01,1
Tlaxcala,2020-02-01,1
Tlaxcala,2020-07-01,1
Tlaxcala,2020-08-01,1
Tlaxcala,2020-12-01,2
Tlaxcala,2021-11-01,1
Tlaxcala,2022-09-01,1
Tlaxcala,2023-02-01,1
Tlaxcala,2023-05-01,1
Veracruz,2017-01-01,11
Veracruz,2017-02-01,1
Veracruz,2017-03-01,5
Veracruz,2017-04-01,7
Veracruz,2017-05-01,7
Veracruz,2017-06-01,7
Veracruz,2017-08-01,8
Veracruz,2017-09-01,3
Veracruz,2017-10-01,7
Veracruz,2017-11-01,10
Veracruz,2017-12-01,9
Veracruz,2018-01-01,3
Veracruz,2018-02-01,5
Veracruz,2018-03-01,3
Veracruz,2018-04-01,3
Veracruz,2018-05-01,2
Veracruz,2018-06-01,2
Veracruz,2018-07-01,9
Veracruz,2018-08-01,6
Veracruz,2018-09-01,11
Veracruz,2018-10-01,13
Veracruz,2018-11-01,2
Veracruz,2018-12-01,6
Veracruz,2019-01-01,6
Veracruz,2019-02-01,7
Veracruz,2019-03-01,10
Veracruz,2019-04-01,13
Veracruz,2019-05-01,11
Veracruz,2019-06-01,9
Veracruz,2019-07-01,8
Veracruz,2019-08-01,8
Veracruz,2019-09-01,4
Veracruz,2019-10-01,10
Veracruz,2019-11-01,8
Veracruz,2019-12-01,9
Veracruz,2020-01-01,11
Veracruz,2020-03-01,14
Veracruz,2020-04-01,14
Veracruz,2020-05-01,15
Veracruz,2020-06-01,9
Veracruz,2020-07-01,9
Veracruz,2020-08-01,8
Veracruz,2020-09-01,12
Veracruz,2020-10-01,17
Veracruz,2020-11-01,15
Veracruz,2020-12-01,18
Veracruz,2021-01-01,8
Veracruz,2021-02-01,9
Veracruz,2021-03-01,14
Veracruz,2021-04-01,15
Veracruz,2021-05-01,5
Veracruz,2021-06-01,6
Veracruz,2021-07-01,16
Veracruz,2021-08-01,18
Veracruz,2021-09-01,8
Veracruz,2021-10-01,13
Veracruz,2021-11-01,11
Veracruz,2021-12-01,14
Veracruz,2022-01-01,3
Veracruz,2022-02-01,9
Veracruz,2022-03-01,4
Veracruz,2022-04-01,4
Veracruz,2022-05-01,4
Veracruz,2022-06-01,5
Veracruz,2022-07-01,13
Veracruz,2022-08-01,4
Veracruz,2022-09-01,2
Veracruz,2022-10-01,7
Veracruz,2022-11-01,1
Veracruz,2022-12-01,6
Veracruz,2023-01-01,4
Veracruz,2023-02-01,4
Veracruz,2023-03-01,8
Veracruz,2023-04-01,3
Veracruz,2023-05-01,10
Veracruz,2023-06-01,4
Veracruz,2023-07-01,6
Veracruz,2023-08-01,3
Veracruz,2023-09-01,8
Veracruz,2023-10-01,3
Veracruz,2023-11-01,4
Veracruz,2023-12-01,3
Yucatán,2017-01-01,1
Yucatán,2017-02-01,1
Yucatán,2017-03-01,1
Yucatán,2017-04-01,2
Yucatán,2017-06-01,1
Yucatán,2017-11-01,1
Yucatán,2018-02-01,1
Yucatán,2018-03-01,1
Yucatán,2018-06-01,1
Yucatán,2018-07-01,4
Yucatán,2019-04-01,1
Yucatán,2019-05-01,2
Yucatán,2019-07-01,2
Yucatán,2019-08-01,1
Yucatán,2019-12-01,1
Yucatán,2020-03-01,1
Yucatán,2020-08-01,1
Yucatán,2020-10-01,1
Yucatán,2021-02-01,1
Yucatán,2021-04-01,1
Yucatán,2021-05-01,1
Yucatán,2021-09-01,1
Yucatán,2021-10-01,1
Yucatán,2022-04-01,1
Yucatán,2022-05-01,2
Yucatán,2022-06-01,1
Yucatán,2022-10-01,1
Yucatán,2022-12-01,1
Yucatán,2023-02-01,1
Yucatán,2023-03-01,3
Yucatán,2023-04-01,1
Yucatán,2023-06-01,3
Yucatán,2023-07-01,2
Yucatán,2023-08-01,1
Yucatán,2023-10-01,1
Yucatán,2023-11-01,1
Yucatán,2023-12-01,1
Zacatecas,2017-02-01,1
Zacatecas,2017-03-01,1
Zacatecas,2017-05-01,2
Zacatecas,2017-07-01,2
Zacatecas,2017-09-01,1
Zacatecas,2017-11-01,1
Zacatecas,2017-12-01,3
Zacatecas,2018-03-01,2
Zacatecas,2018-05-01,3
Zacatecas,2018-06-01,4
Zacatecas,2018-08-01,2
Zacatecas,2018-09-01,1
Zacatecas,2018-10-01,1
Zacatecas,2018-11-01,1
Zacatecas,2018-12-01,5
Zacatecas,2019-04-01,2
Zacatecas,2019-07-01,1
Zacatecas,2019-08-01,1
Zacatecas,2019-09-01,1
Zacatecas,2019-11-01,2
Zacatecas,2019-12-01,1
Zacatecas,2020-01-01,1
Zacatecas,2020-02-01,1
Zacatecas,2020-03-01,3
Zacatecas,2020-04-01,9
Zacatecas,2020-05-01,5
Zacatecas,2020-07-01,1
Zacatecas,2020-12-01,1
Zacatecas,2021-01-01,1
Zacatecas,2021-05-01,1
Zacatecas,2021-06-01,2
Zacatecas,2021-07-01,3
Zacatecas,2021-09-01,1
Zacatecas,2021-10-01,1
Zacatecas,2022-01-01,2
Zacatecas,2022-02-01,1
Zacatecas,2022-03-01,1
Zacatecas,2022-04-01,1
Zacatecas,2022-05-01,1
Zacatecas,2022-07-01,1
Zacatecas,2022-08-01,1
Zacatecas,2022-10-01,2
Zacatecas,2022-12-01,1
Zacatecas,2023-01-01,1
Zacatecas,2023-07-01,1
Zacatecas,2023-10-01,1
Zacatecas,2023-12-01,1
