Entidad,Fecha,unemp_rate
Aguascalientes,2017-07-01,3.31035
Aguascalientes,2017-08-01,3.31035
Aguascalientes,2017-09-01,3.31035
Aguascalientes,2017-01-01,3.40056
Aguascalientes,2017-02-01,3.40056
Aguascalientes,2017-03-01,3.40056
Aguascalientes,2017-10-01,3.64327
Aguascalientes,2017-11-01,3.64327
Aguascalientes,2017-12-01,3.64327
Aguascalientes,2017-04-01,4.16711
Aguascalientes,2017-05-01,4.16711
Aguascalientes,2017-06-01,4.16711
Aguascalientes,2018-10-01,3.16656
Aguascalientes,2018-11-01,3.16656
Aguascalientes,2018-12-01,3.16656
Aguascalientes,2018-04-01,3.31805
Aguascalientes,2018-05-01,3.31805
Aguascalientes,2018-06-01,3.31805
Aguascalientes,2018-07-01,3.62782
Aguascalientes,2018-08-01,3.62782
Aguascalientes,2018-09-01,3.62782
Aguascalientes,2018-01-01,3.68797
Aguascalientes,2018-02-01,3.68797
Aguascalientes,2018-03-01,3.68797
Aguascalientes,2019-01-01,3.28535
Aguascalientes,2019-02-01,3.28535
Aguascalientes,2019-03-01,3.28535
Aguascalientes,2019-10-01,3.34141
Aguascalientes,2019-11-01,3.34141
Aguascalientes,2019-12-01,3.34141
Aguascalientes,2019-04-01,3.67106
Aguascalientes,2019-05-01,3.67106
Aguascalientes,2019-06-01,3.67106
Aguascalientes,2019-07-01,3.79282
Aguascalientes,2019-08-01,3.79282
Aguascalientes,2019-09-01,3.79282
Aguascalientes,2020-01-01,3.35009
Aguascalientes,2020-02-01,3.35009
Aguascalientes,2020-03-01,3.35009
Aguascalientes,2020-07-01,5.1923
Aguascalientes,2020-08-01,5.1923
Aguascalientes,2020-09-01,5.1923
Aguascalientes,2020-10-01,5.19754
Aguascalientes,2020-11-01,5.19754
Aguascalientes,2020-12-01,5.19754
Aguascalientes,2020-04-01,NA
Aguascalientes,2020-05-01,NA
Aguascalientes,2020-06-01,NA
Aguascalientes,2021-01-01,3.62242
Aguascalientes,2021-02-01,3.62242
Aguascalientes,2021-03-01,3.62242
Aguascalientes,2021-04-01,3.87156
Aguascalientes,2021-05-01,3.87156
Aguascalientes,2021-06-01,3.87156
Aguascalientes,2021-10-01,4.37726
Aguascalientes,2021-11-01,4.37726
Aguascalientes,2021-12-01,4.37726
Aguascalientes,2021-07-01,4.62574
Aguascalientes,2021-08-01,4.62574
Aguascalientes,2021-09-01,4.62574
Aguascalientes,2022-01-01,3.51969
Aguascalientes,2022-02-01,3.51969
Aguascalientes,2022-03-01,3.51969
Aguascalientes,2022-10-01,3.76756
Aguascalientes,2022-11-01,3.76756
Aguascalientes,2022-12-01,3.76756
Aguascalientes,2022-04-01,3.7682
Aguascalientes,2022-05-01,3.7682
Aguascalientes,2022-06-01,3.7682
Aguascalientes,2022-07-01,4.03923
Aguascalientes,2022-08-01,4.03923
Aguascalientes,2022-09-01,4.03923
Aguascalientes,2023-01-01,3.01962
Aguascalientes,2023-02-01,3.01962
Aguascalientes,2023-03-01,3.01962
Aguascalientes,2023-07-01,3.17738
Aguascalientes,2023-08-01,3.17738
Aguascalientes,2023-09-01,3.17738
Aguascalientes,2023-04-01,3.19796
Aguascalientes,2023-05-01,3.19796
Aguascalientes,2023-06-01,3.19796
Aguascalientes,2023-10-01,3.50581
Aguascalientes,2023-11-01,3.50581
Aguascalientes,2023-12-01,3.50581
Baja California,2017-10-01,2.67652
Baja California,2017-11-01,2.67652
Baja California,2017-12-01,2.67652
Baja California,2017-04-01,2.81202
Baja California,2017-05-01,2.81202
Baja California,2017-06-01,2.81202
Baja California,2017-01-01,2.88928
Baja California,2017-02-01,2.88928
Baja California,2017-03-01,2.88928
Baja California,2017-07-01,3.03208
Baja California,2017-08-01,3.03208
Baja California,2017-09-01,3.03208
Baja California,2018-01-01,2.11637
Baja California,2018-02-01,2.11637
Baja California,2018-03-01,2.11637
Baja California,2018-10-01,2.23372
Baja California,2018-11-01,2.23372
Baja California,2018-12-01,2.23372
Baja California,2018-04-01,2.68229
Baja California,2018-05-01,2.68229
Baja California,2018-06-01,2.68229
Baja California,2018-07-01,3.02234
Baja California,2018-08-01,3.02234
Baja California,2018-09-01,3.02234
Baja California,2019-10-01,2.21851
Baja California,2019-11-01,2.21851
Baja California,2019-12-01,2.21851
Baja California,2019-01-01,2.51192
Baja California,2019-02-01,2.51192
Baja California,2019-03-01,2.51192
Baja California,2019-04-01,2.5576
Baja California,2019-05-01,2.5576
Baja California,2019-06-01,2.5576
Baja California,2019-07-01,2.89908
Baja California,2019-08-01,2.89908
Baja California,2019-09-01,2.89908
Baja California,2020-01-01,2.16798
Baja California,2020-02-01,2.16798
Baja California,2020-03-01,2.16798
Baja California,2020-07-01,2.74817
Baja California,2020-08-01,2.74817
Baja California,2020-09-01,2.74817
Baja California,2020-10-01,2.88007
Baja California,2020-11-01,2.88007
Baja California,2020-12-01,2.88007
Baja California,2020-04-01,NA
Baja California,2020-05-01,NA
Baja California,2020-06-01,NA
Baja California,2021-10-01,2.04351
Baja California,2021-11-01,2.04351
Baja California,2021-12-01,2.04351
Baja California,2021-04-01,2.44667
Baja California,2021-05-01,2.44667
Baja California,2021-06-01,2.44667
Baja California,2021-01-01,2.55476
Baja California,2021-02-01,2.55476
Baja California,2021-03-01,2.55476
Baja California,2021-07-01,2.87954
Baja California,2021-08-01,2.87954
Baja California,2021-09-01,2.87954
Baja California,2022-01-01,1.91049
Baja California,2022-02-01,1.91049
Baja California,2022-03-01,1.91049
Baja California,2022-04-01,2.50984
Baja California,2022-05-01,2.50984
Baja California,2022-06-01,2.50984
Baja California,2022-07-01,2.59254
Baja California,2022-08-01,2.59254
Baja California,2022-09-01,2.59254
Baja California,2022-10-01,2.70224
Baja California,2022-11-01,2.70224
Baja California,2022-12-01,2.70224
Baja California,2023-01-01,1.71222
Baja California,2023-02-01,1.71222
Baja California,2023-03-01,1.71222
Baja California,2023-10-01,2.24539
Baja California,2023-11-01,2.24539
Baja California,2023-12-01,2.24539
Baja California,2023-04-01,2.30743
Baja California,2023-05-01,2.30743
Baja California,2023-06-01,2.30743
Baja California,2023-07-01,2.43889
Baja California,2023-08-01,2.43889
Baja California,2023-09-01,2.43889
Baja California Sur,2017-04-01,4.00467
Baja California Sur,2017-05-01,4.00467
Baja California Sur,2017-06-01,4.00467
Baja California Sur,2017-10-01,4.1055
Baja California Sur,2017-11-01,4.1055
Baja California Sur,2017-12-01,4.1055
Baja California Sur,2017-07-01,4.55795
Baja California Sur,2017-08-01,4.55795
Baja California Sur,2017-09-01,4.55795
Baja California Sur,2017-01-01,4.7592
Baja California Sur,2017-02-01,4.7592
Baja California Sur,2017-03-01,4.7592
Baja California Sur,2018-04-01,3.41515
Baja California Sur,2018-05-01,3.41515
Baja California Sur,2018-06-01,3.41515
Baja California Sur,2018-01-01,3.72671
Baja California Sur,2018-02-01,3.72671
Baja California Sur,2018-03-01,3.72671
Baja California Sur,2018-10-01,3.87078
Baja California Sur,2018-11-01,3.87078
Baja California Sur,2018-12-01,3.87078
Baja California Sur,2018-07-01,4.11745
Baja California Sur,2018-08-01,4.11745
Baja California Sur,2018-09-01,4.11745
Baja California Sur,2019-01-01,3.95454
Baja California Sur,2019-02-01,3.95454
Baja California Sur,2019-03-01,3.95454
Baja California Sur,2019-10-01,4.37215
Baja California Sur,2019-11-01,4.37215
Baja California Sur,2019-12-01,4.37215
Baja California Sur,2019-04-01,4.61803
Baja California Sur,2019-05-01,4.61803
Baja California Sur,2019-06-01,4.61803
Baja California Sur,2019-07-01,4.94592
Baja California Sur,2019-08-01,4.94592
Baja California Sur,2019-09-01,4.94592
Baja California Sur,2020-01-01,3.83703
Baja California Sur,2020-02-01,3.83703
Baja California Sur,2020-03-01,3.83703
Baja California Sur,2020-10-01,5.42497
Baja California Sur,2020-11-01,5.42497
Baja California Sur,2020-12-01,5.42497
Baja California Sur,2020-07-01,7.38778
Baja California Sur,2020-08-01,7.38778
Baja California Sur,2020-09-01,7.38778
Baja California Sur,2020-04-01,NA
Baja California Sur,2020-05-01,NA
Baja California Sur,2020-06-01,NA
Baja California Sur,2021-10-01,2.5922
Baja California Sur,2021-11-01,2.5922
Baja California Sur,2021-12-01,2.5922
Baja California Sur,2021-07-01,4.25482
Baja California Sur,2021-08-01,4.25482
Baja California Sur,2021-09-01,4.25482
Baja California Sur,2021-04-01,4.4095
Baja California Sur,2021-05-01,4.4095
Baja California Sur,2021-06-01,4.4095
Baja California Sur,2021-01-01,4.98176
Baja California Sur,2021-02-01,4.98176
Baja California Sur,2021-03-01,4.98176
Baja California Sur,2022-04-01,2.73295
Baja California Sur,2022-05-01,2.73295
Baja California Sur,2022-06-01,2.73295
Baja California Sur,2022-10-01,2.85079
Baja California Sur,2022-11-01,2.85079
Baja California Sur,2022-12-01,2.85079
Baja California Sur,2022-07-01,2.8679
Baja California Sur,2022-08-01,2.8679
Baja California Sur,2022-09-01,2.8679
Baja California Sur,2022-01-01,2.87475
Baja California Sur,2022-02-01,2.87475
Baja California Sur,2022-03-01,2.87475
Baja California Sur,2023-10-01,2.26334
Baja California Sur,2023-11-01,2.26334
Baja California Sur,2023-12-01,2.26334
Baja California Sur,2023-04-01,2.7007
Baja California Sur,2023-05-01,2.7007
Baja California Sur,2023-06-01,2.7007
Baja California Sur,2023-01-01,2.75936
Baja California Sur,2023-02-01,2.75936
Baja California Sur,2023-03-01,2.75936
Baja California Sur,2023-07-01,3.18616
Baja California Sur,2023-08-01,3.18616
Baja California Sur,2023-09-01,3.18616
Campeche,2017-10-01,3.41979
Campeche,2017-11-01,3.41979
Campeche,2017-12-01,3.41979
Campeche,2017-01-01,3.73899
Campeche,2017-02-01,3.73899
Campeche,2017-03-01,3.73899
Campeche,2017-04-01,4.02596
Campeche,2017-05-01,4.02596
Campeche,2017-06-01,4.02596
Campeche,2017-07-01,4.02836
Campeche,2017-08-01,4.02836
Campeche,2017-09-01,4.02836
Campeche,2018-01-01,2.62546
Campeche,2018-02-01,2.62546
Campeche,2018-03-01,2.62546
Campeche,2018-04-01,3.32284
Campeche,2018-05-01,3.32284
Campeche,2018-06-01,3.32284
Campeche,2018-10-01,3.47344
Campeche,2018-11-01,3.47344
Campeche,2018-12-01,3.47344
Campeche,2018-07-01,3.63974
Campeche,2018-08-01,3.63974
Campeche,2018-09-01,3.63974
Campeche,2019-07-01,3.0097
Campeche,2019-08-01,3.0097
Campeche,2019-09-01,3.0097
Campeche,2019-10-01,3.22312
Campeche,2019-11-01,3.22312
Campeche,2019-12-01,3.22312
Campeche,2019-01-01,3.47572
Campeche,2019-02-01,3.47572
Campeche,2019-03-01,3.47572
Campeche,2019-04-01,3.47649
Campeche,2019-05-01,3.47649
Campeche,2019-06-01,3.47649
Campeche,2020-01-01,2.78253
Campeche,2020-02-01,2.78253
Campeche,2020-03-01,2.78253
Campeche,2020-10-01,3.38969
Campeche,2020-11-01,3.38969
Campeche,2020-12-01,3.38969
Campeche,2020-07-01,3.82608
Campeche,2020-08-01,3.82608
Campeche,2020-09-01,3.82608
Campeche,2020-04-01,NA
Campeche,2020-05-01,NA
Campeche,2020-06-01,NA
Campeche,2021-04-01,2.89527
Campeche,2021-05-01,2.89527
Campeche,2021-06-01,2.89527
Campeche,2021-01-01,2.92643
Campeche,2021-02-01,2.92643
Campeche,2021-03-01,2.92643
Campeche,2021-10-01,2.9558
Campeche,2021-11-01,2.9558
Campeche,2021-12-01,2.9558
Campeche,2021-07-01,3.057
Campeche,2021-08-01,3.057
Campeche,2021-09-01,3.057
Campeche,2022-10-01,1.97641
Campeche,2022-11-01,1.97641
Campeche,2022-12-01,1.97641
Campeche,2022-07-01,2.29772
Campeche,2022-08-01,2.29772
Campeche,2022-09-01,2.29772
Campeche,2022-04-01,2.9533
Campeche,2022-05-01,2.9533
Campeche,2022-06-01,2.9533
Campeche,2022-01-01,3.06809
Campeche,2022-02-01,3.06809
Campeche,2022-03-01,3.06809
Campeche,2023-10-01,1.71511
Campeche,2023-11-01,1.71511
Campeche,2023-12-01,1.71511
Campeche,2023-04-01,1.75905
Campeche,2023-05-01,1.75905
Campeche,2023-06-01,1.75905
Campeche,2023-01-01,1.7624
Campeche,2023-02-01,1.7624
Campeche,2023-03-01,1.7624
Campeche,2023-07-01,1.81924
Campeche,2023-08-01,1.81924
Campeche,2023-09-01,1.81924
Chiapas,2017-04-01,2.30303
Chiapas,2017-05-01,2.30303
Chiapas,2017-06-01,2.30303
Chiapas,2017-10-01,2.46697
Chiapas,2017-11-01,2.46697
Chiapas,2017-12-01,2.46697
Chiapas,2017-01-01,2.53584
Chiapas,2017-02-01,2.53584
Chiapas,2017-03-01,2.53584
Chiapas,2017-07-01,2.99398
Chiapas,2017-08-01,2.99398
Chiapas,2017-09-01,2.99398
Chiapas,2018-01-01,1.99053
Chiapas,2018-02-01,1.99053
Chiapas,2018-03-01,1.99053
Chiapas,2018-07-01,2.83015
Chiapas,2018-08-01,2.83015
Chiapas,2018-09-01,2.83015
Chiapas,2018-04-01,2.85693
Chiapas,2018-05-01,2.85693
Chiapas,2018-06-01,2.85693
Chiapas,2018-10-01,3.45415
Chiapas,2018-11-01,3.45415
Chiapas,2018-12-01,3.45415
Chiapas,2019-10-01,2.45755
Chiapas,2019-11-01,2.45755
Chiapas,2019-12-01,2.45755
Chiapas,2019-01-01,3.09453
Chiapas,2019-02-01,3.09453
Chiapas,2019-03-01,3.09453
Chiapas,2019-04-01,3.60047
Chiapas,2019-05-01,3.60047
Chiapas,2019-06-01,3.60047
Chiapas,2019-07-01,3.70345
Chiapas,2019-08-01,3.70345
Chiapas,2019-09-01,3.70345
Chiapas,2020-01-01,2.58386
Chiapas,2020-02-01,2.58386
Chiapas,2020-03-01,2.58386
Chiapas,2020-10-01,2.72578
Chiapas,2020-11-01,2.72578
Chiapas,2020-12-01,2.72578
Chiapas,2020-07-01,3.39902
Chiapas,2020-08-01,3.39902
Chiapas,2020-09-01,3.39902
Chiapas,2020-04-01,NA
Chiapas,2020-05-01,NA
Chiapas,2020-06-01,NA
Chiapas,2021-04-01,2.90871
Chiapas,2021-05-01,2.90871
Chiapas,2021-06-01,2.90871
Chiapas,2021-01-01,3.17416
Chiapas,2021-02-01,3.17416
Chiapas,2021-03-01,3.17416
Chiapas,2021-07-01,3.28256
Chiapas,2021-08-01,3.28256
Chiapas,2021-09-01,3.28256
Chiapas,2021-10-01,3.33131
Chiapas,2021-11-01,3.33131
Chiapas,2021-12-01,3.33131
Chiapas,2022-07-01,2.28847
Chiapas,2022-08-01,2.28847
Chiapas,2022-09-01,2.28847
Chiapas,2022-10-01,2.32698
Chiapas,2022-11-01,2.32698
Chiapas,2022-12-01,2.32698
Chiapas,2022-01-01,2.49952
Chiapas,2022-02-01,2.49952
Chiapas,2022-03-01,2.49952
Chiapas,2022-04-01,2.58906
Chiapas,2022-05-01,2.58906
Chiapas,2022-06-01,2.58906
Chiapas,2023-10-01,1.73476
Chiapas,2023-11-01,1.73476
Chiapas,2023-12-01,1.73476
Chiapas,2023-04-01,1.83913
Chiapas,2023-05-01,1.83913
Chiapas,2023-06-01,1.83913
Chiapas,2023-07-01,2.47877
Chiapas,2023-08-01,2.47877
Chiapas,2023-09-01,2.47877
Chiapas,2023-01-01,2.48801
Chiapas,2023-02-01,2.48801
Chiapas,2023-03-01,2.48801
Chihuahua,2017-07-01,2.4578
Chihuahua,2017-08-01,2.4578
Chihuahua,2017-09-01,2.4578
Chihuahua,2017-10-01,2.60282
Chihuahua,2017-11-01,2.60282
Chihuahua,2017-12-01,2.60282
Chihuahua,2017-04-01,2.70655
Chihuahua,2017-05-01,2.70655
Chihuahua,2017-06-01,2.70655
Chihuahua,2017-01-01,3.03463
Chihuahua,2017-02-01,3.03463
Chihuahua,2017-03-01,3.03463
Chihuahua,2018-10-01,2.2228
Chihuahua,2018-11-01,2.2228
Chihuahua,2018-12-01,2.2228
Chihuahua,2018-07-01,3.087
Chihuahua,2018-08-01,3.087
Chihuahua,2018-09-01,3.087
Chihuahua,2018-04-01,3.41
Chihuahua,2018-05-01,3.41
Chihuahua,2018-06-01,3.41
Chihuahua,2018-01-01,3.89362
Chihuahua,2018-02-01,3.89362
Chihuahua,2018-03-01,3.89362
Chihuahua,2019-10-01,2.57083
Chihuahua,2019-11-01,2.57083
Chihuahua,2019-12-01,2.57083
Chihuahua,2019-01-01,3.03526
Chihuahua,2019-02-01,3.03526
Chihuahua,2019-03-01,3.03526
Chihuahua,2019-07-01,3.19745
Chihuahua,2019-08-01,3.19745
Chihuahua,2019-09-01,3.19745
Chihuahua,2019-04-01,3.38451
Chihuahua,2019-05-01,3.38451
Chihuahua,2019-06-01,3.38451
Chihuahua,2020-01-01,3.49114
Chihuahua,2020-02-01,3.49114
Chihuahua,2020-03-01,3.49114
Chihuahua,2020-10-01,3.73507
Chihuahua,2020-11-01,3.73507
Chihuahua,2020-12-01,3.73507
Chihuahua,2020-07-01,4.6978
Chihuahua,2020-08-01,4.6978
Chihuahua,2020-09-01,4.6978
Chihuahua,2020-04-01,NA
Chihuahua,2020-05-01,NA
Chihuahua,2020-06-01,NA
Chihuahua,2021-10-01,2.86673
Chihuahua,2021-11-01,2.86673
Chihuahua,2021-12-01,2.86673
Chihuahua,2021-07-01,3.02856
Chihuahua,2021-08-01,3.02856
Chihuahua,2021-09-01,3.02856
Chihuahua,2021-04-01,3.61242
Chihuahua,2021-05-01,3.61242
Chihuahua,2021-06-01,3.61242
Chihuahua,2021-01-01,3.97549
Chihuahua,2021-02-01,3.97549
Chihuahua,2021-03-01,3.97549
Chihuahua,2022-10-01,1.98906
Chihuahua,2022-11-01,1.98906
Chihuahua,2022-12-01,1.98906
Chihuahua,2022-04-01,2.45553
Chihuahua,2022-05-01,2.45553
Chihuahua,2022-06-01,2.45553
Chihuahua,2022-07-01,2.46536
Chihuahua,2022-08-01,2.46536
Chihuahua,2022-09-01,2.46536
Chihuahua,2022-01-01,2.59984
Chihuahua,2022-02-01,2.59984
Chihuahua,2022-03-01,2.59984
Chihuahua,2023-10-01,1.92983
Chihuahua,2023-11-01,1.92983
Chihuahua,2023-12-01,1.92983
Chihuahua,2023-04-01,2.47852
Chihuahua,2023-05-01,2.47852
Chihuahua,2023-06-01,2.47852
Chihuahua,2023-01-01,2.78441
Chihuahua,2023-02-01,2.78441
Chihuahua,2023-03-01,2.78441
Chihuahua,2023-07-01,2.81498
Chihuahua,2023-08-01,2.81498
Chihuahua,2023-09-01,2.81498
Ciudad de México,2017-01-01,3.75831
Ciudad de México,2017-02-01,3.75831
Ciudad de México,2017-03-01,3.75831
Ciudad de México,2017-10-01,4.57533
Ciudad de México,2017-11-01,4.57533
Ciudad de México,2017-12-01,4.57533
Ciudad de México,2017-04-01,4.9239
Ciudad de México,2017-05-01,4.9239
Ciudad de México,2017-06-01,4.9239
Ciudad de México,2017-07-01,5.15409
Ciudad de México,2017-08-01,5.15409
Ciudad de México,2017-09-01,5.15409
Ciudad de México,2018-01-01,3.65645
Ciudad de México,2018-02-01,3.65645
Ciudad de México,2018-03-01,3.65645
Ciudad de México,2018-07-01,4.56009
Ciudad de México,2018-08-01,4.56009
Ciudad de México,2018-09-01,4.56009
Ciudad de México,2018-10-01,5.12514
Ciudad de México,2018-11-01,5.12514
Ciudad de México,2018-12-01,5.12514
Ciudad de México,2018-04-01,5.13624
Ciudad de México,2018-05-01,5.13624
Ciudad de México,2018-06-01,5.13624
Ciudad de México,2019-01-01,4.73037
Ciudad de México,2019-02-01,4.73037
Ciudad de México,2019-03-01,4.73037
Ciudad de México,2019-07-01,4.99577
Ciudad de México,2019-08-01,4.99577
Ciudad de México,2019-09-01,4.99577
Ciudad de México,2019-10-01,5.1012
Ciudad de México,2019-11-01,5.1012
Ciudad de México,2019-12-01,5.1012
Ciudad de México,2019-04-01,5.15945
Ciudad de México,2019-05-01,5.15945
Ciudad de México,2019-06-01,5.15945
Ciudad de México,2020-01-01,4.72524
Ciudad de México,2020-02-01,4.72524
Ciudad de México,2020-03-01,4.72524
Ciudad de México,2020-10-01,6.63142
Ciudad de México,2020-11-01,6.63142
Ciudad de México,2020-12-01,6.63142
Ciudad de México,2020-07-01,7.9909
Ciudad de México,2020-08-01,7.9909
Ciudad de México,2020-09-01,7.9909
Ciudad de México,2020-04-01,NA
Ciudad de México,2020-05-01,NA
Ciudad de México,2020-06-01,NA
Ciudad de México,2021-10-01,5.89173
Ciudad de México,2021-11-01,5.89173
Ciudad de México,2021-12-01,5.89173
Ciudad de México,2021-07-01,6.99109
Ciudad de México,2021-08-01,6.99109
Ciudad de México,2021-09-01,6.99109
Ciudad de México,2021-04-01,7.25668
Ciudad de México,2021-05-01,7.25668
Ciudad de México,2021-06-01,7.25668
Ciudad de México,2021-01-01,7.3091
Ciudad de México,2021-02-01,7.3091
Ciudad de México,2021-03-01,7.3091
Ciudad de México,2022-10-01,4.5306
Ciudad de México,2022-11-01,4.5306
Ciudad de México,2022-12-01,4.5306
Ciudad de México,2022-07-01,5.252
Ciudad de México,2022-08-01,5.252
Ciudad de México,2022-09-01,5.252
Ciudad de México,2022-04-01,5.39836
Ciudad de México,2022-05-01,5.39836
Ciudad de México,2022-06-01,5.39836
Ciudad de México,2022-01-01,5.84765
Ciudad de México,2022-02-01,5.84765
Ciudad de México,2022-03-01,5.84765
Ciudad de México,2023-01-01,3.75255
Ciudad de México,2023-02-01,3.75255
Ciudad de México,2023-03-01,3.75255
Ciudad de México,2023-10-01,3.90904
Ciudad de México,2023-11-01,3.90904
Ciudad de México,2023-12-01,3.90904
Ciudad de México,2023-07-01,4.0665
Ciudad de México,2023-08-01,4.0665
Ciudad de México,2023-09-01,4.0665
Ciudad de México,2023-04-01,4.36955
Ciudad de México,2023-05-01,4.36955
Ciudad de México,2023-06-01,4.36955
Coahuila de Zaragoza,2017-10-01,3.69649
Coahuila de Zaragoza,2017-11-01,3.69649
Coahuila de Zaragoza,2017-12-01,3.69649
Coahuila de Zaragoza,2017-07-01,4.27673
Coahuila de Zaragoza,2017-08-01,4.27673
Coahuila de Zaragoza,2017-09-01,4.27673
Coahuila de Zaragoza,2017-01-01,4.55961
Coahuila de Zaragoza,2017-02-01,4.55961
Coahuila de Zaragoza,2017-03-01,4.55961
Coahuila de Zaragoza,2017-04-01,5.01983
Coahuila de Zaragoza,2017-05-01,5.01983
Coahuila de Zaragoza,2017-06-01,5.01983
Coahuila de Zaragoza,2018-10-01,3.63257
Coahuila de Zaragoza,2018-11-01,3.63257
Coahuila de Zaragoza,2018-12-01,3.63257
Coahuila de Zaragoza,2018-01-01,4.06485
Coahuila de Zaragoza,2018-02-01,4.06485
Coahuila de Zaragoza,2018-03-01,4.06485
Coahuila de Zaragoza,2018-04-01,4.08579
Coahuila de Zaragoza,2018-05-01,4.08579
Coahuila de Zaragoza,2018-06-01,4.08579
Coahuila de Zaragoza,2018-07-01,4.78423
Coahuila de Zaragoza,2018-08-01,4.78423
Coahuila de Zaragoza,2018-09-01,4.78423
Coahuila de Zaragoza,2019-01-01,4.24849
Coahuila de Zaragoza,2019-02-01,4.24849
Coahuila de Zaragoza,2019-03-01,4.24849
Coahuila de Zaragoza,2019-10-01,4.27631
Coahuila de Zaragoza,2019-11-01,4.27631
Coahuila de Zaragoza,2019-12-01,4.27631
Coahuila de Zaragoza,2019-07-01,4.81236
Coahuila de Zaragoza,2019-08-01,4.81236
Coahuila de Zaragoza,2019-09-01,4.81236
Coahuila de Zaragoza,2019-04-01,4.88419
Coahuila de Zaragoza,2019-05-01,4.88419
Coahuila de Zaragoza,2019-06-01,4.88419
Coahuila de Zaragoza,2020-01-01,4.76719
Coahuila de Zaragoza,2020-02-01,4.76719
Coahuila de Zaragoza,2020-03-01,4.76719
Coahuila de Zaragoza,2020-10-01,6.15794
Coahuila de Zaragoza,2020-11-01,6.15794
Coahuila de Zaragoza,2020-12-01,6.15794
Coahuila de Zaragoza,2020-07-01,7.37167
Coahuila de Zaragoza,2020-08-01,7.37167
Coahuila de Zaragoza,2020-09-01,7.37167
Coahuila de Zaragoza,2020-04-01,NA
Coahuila de Zaragoza,2020-05-01,NA
Coahuila de Zaragoza,2020-06-01,NA
Coahuila de Zaragoza,2021-10-01,4.80892
Coahuila de Zaragoza,2021-11-01,4.80892
Coahuila de Zaragoza,2021-12-01,4.80892
Coahuila de Zaragoza,2021-04-01,4.84208
Coahuila de Zaragoza,2021-05-01,4.84208
Coahuila de Zaragoza,2021-06-01,4.84208
Coahuila de Zaragoza,2021-07-01,4.93013
Coahuila de Zaragoza,2021-08-01,4.93013
Coahuila de Zaragoza,2021-09-01,4.93013
Coahuila de Zaragoza,2021-01-01,5.11096
Coahuila de Zaragoza,2021-02-01,5.11096
Coahuila de Zaragoza,2021-03-01,5.11096
Coahuila de Zaragoza,2022-10-01,3.41466
Coahuila de Zaragoza,2022-11-01,3.41466
Coahuila de Zaragoza,2022-12-01,3.41466
Coahuila de Zaragoza,2022-04-01,4.02557
Coahuila de Zaragoza,2022-05-01,4.02557
Coahuila de Zaragoza,2022-06-01,4.02557
Coahuila de Zaragoza,2022-07-01,4.24342
Coahuila de Zaragoza,2022-08-01,4.24342
Coahuila de Zaragoza,2022-09-01,4.24342
Coahuila de Zaragoza,2022-01-01,5.02271
Coahuila de Zaragoza,2022-02-01,5.02271
Coahuila de Zaragoza,2022-03-01,5.02271
Coahuila de Zaragoza,2023-01-01,3.62833
Coahuila de Zaragoza,2023-02-01,3.62833
Coahuila de Zaragoza,2023-03-01,3.62833
Coahuila de Zaragoza,2023-04-01,3.70273
Coahuila de Zaragoza,2023-05-01,3.70273
Coahuila de Zaragoza,2023-06-01,3.70273
Coahuila de Zaragoza,2023-07-01,3.87742
Coahuila de Zaragoza,2023-08-01,3.87742
Coahuila de Zaragoza,2023-09-01,3.87742
Coahuila de Zaragoza,2023-10-01,4.33968
Coahuila de Zaragoza,2023-11-01,4.33968
Coahuila de Zaragoza,2023-12-01,4.33968
Colima,2017-01-01,3.43244
Colima,2017-02-01,3.43244
Colima,2017-03-01,3.43244
Colima,2017-10-01,3.5406
Colima,2017-11-01,3.5406
Colima,2017-12-01,3.5406
Colima,2017-07-01,3.71093
Colima,2017-08-01,3.71093
Colima,2017-09-01,3.71093
Colima,2017-04-01,3.81871
Colima,2017-05-01,3.81871
Colima,2017-06-01,3.81871
Colima,2018-04-01,2.65402
Colima,2018-05-01,2.65402
Colima,2018-06-01,2.65402
Colima,2018-07-01,3.25771
Colima,2018-08-01,3.25771
Colima,2018-09-01,3.25771
Colima,2018-01-01,3.37957
Colima,2018-02-01,3.37957
Colima,2018-03-01,3.37957
Colima,2018-10-01,3.71729
Colima,2018-11-01,3.71729
Colima,2018-12-01,3.71729
Colima,2019-10-01,2.95786
Colima,2019-11-01,2.95786
Colima,2019-12-01,2.95786
Colima,2019-04-01,3.62257
Colima,2019-05-01,3.62257
Colima,2019-06-01,3.62257
Colima,2019-07-01,3.81958
Colima,2019-08-01,3.81958
Colima,2019-09-01,3.81958
Colima,2019-01-01,3.91841
Colima,2019-02-01,3.91841
Colima,2019-03-01,3.91841
Colima,2020-01-01,3.12872
Colima,2020-02-01,3.12872
Colima,2020-03-01,3.12872
Colima,2020-10-01,3.80916
Colima,2020-11-01,3.80916
Colima,2020-12-01,3.80916
Colima,2020-07-01,4.14453
Colima,2020-08-01,4.14453
Colima,2020-09-01,4.14453
Colima,2020-04-01,NA
Colima,2020-05-01,NA
Colima,2020-06-01,NA
Colima,2021-07-01,2.91652
Colima,2021-08-01,2.91652
Colima,2021-09-01,2.91652
Colima,2021-10-01,3.12393
Colima,2021-11-01,3.12393
Colima,2021-12-01,3.12393
Colima,2021-04-01,3.1979
Colima,2021-05-01,3.1979
Colima,2021-06-01,3.1979
Colima,2021-01-01,3.20564
Colima,2021-02-01,3.20564
Colima,2021-03-01,3.20564
Colima,2022-10-01,2.35763
Colima,2022-11-01,2.35763
Colima,2022-12-01,2.35763
Colima,2022-04-01,2.56226
Colima,2022-05-01,2.56226
Colima,2022-06-01,2.56226
Colima,2022-07-01,2.60985
Colima,2022-08-01,2.60985
Colima,2022-09-01,2.60985
Colima,2022-01-01,2.77123
Colima,2022-02-01,2.77123
Colima,2022-03-01,2.77123
Colima,2023-01-01,2.13478
Colima,2023-02-01,2.13478
Colima,2023-03-01,2.13478
Colima,2023-04-01,2.20655
Colima,2023-05-01,2.20655
Colima,2023-06-01,2.20655
Colima,2023-10-01,2.30336
Colima,2023-11-01,2.30336
Colima,2023-12-01,2.30336
Colima,2023-07-01,2.55965
Colima,2023-08-01,2.55965
Colima,2023-09-01,2.55965
Durango,2017-10-01,3.32689
Durango,2017-11-01,3.32689
Durango,2017-12-01,3.32689
Durango,2017-07-01,3.85955
Durango,2017-08-01,3.85955
Durango,2017-09-01,3.85955
Durango,2017-04-01,4.0415
Durango,2017-05-01,4.0415
Durango,2017-06-01,4.0415
Durango,2017-01-01,4.04593
Durango,2017-02-01,4.04593
Durango,2017-03-01,4.04593
Durango,2018-04-01,3.74331
Durango,2018-05-01,3.74331
Durango,2018-06-01,3.74331
Durango,2018-10-01,4.10822
Durango,2018-11-01,4.10822
Durango,2018-12-01,4.10822
Durango,2018-01-01,4.34934
Durango,2018-02-01,4.34934
Durango,2018-03-01,4.34934
Durango,2018-07-01,4.96268
Durango,2018-08-01,4.96268
Durango,2018-09-01,4.96268
Durango,2019-10-01,3.25998
Durango,2019-11-01,3.25998
Durango,2019-12-01,3.25998
Durango,2019-07-01,3.94023
Durango,2019-08-01,3.94023
Durango,2019-09-01,3.94023
Durango,2019-04-01,4.25457
Durango,2019-05-01,4.25457
Durango,2019-06-01,4.25457
Durango,2019-01-01,4.64486
Durango,2019-02-01,4.64486
Durango,2019-03-01,4.64486
Durango,2020-01-01,4.05512
Durango,2020-02-01,4.05512
Durango,2020-03-01,4.05512
Durango,2020-07-01,4.80873
Durango,2020-08-01,4.80873
Durango,2020-09-01,4.80873
Durango,2020-10-01,4.87685
Durango,2020-11-01,4.87685
Durango,2020-12-01,4.87685
Durango,2020-04-01,NA
Durango,2020-05-01,NA
Durango,2020-06-01,NA
Durango,2021-10-01,3.43068
Durango,2021-11-01,3.43068
Durango,2021-12-01,3.43068
Durango,2021-01-01,4.14994
Durango,2021-02-01,4.14994
Durango,2021-03-01,4.14994
Durango,2021-07-01,4.2108
Durango,2021-08-01,4.2108
Durango,2021-09-01,4.2108
Durango,2021-04-01,4.5947
Durango,2021-05-01,4.5947
Durango,2021-06-01,4.5947
Durango,2022-10-01,3.0872
Durango,2022-11-01,3.0872
Durango,2022-12-01,3.0872
Durango,2022-07-01,3.25675
Durango,2022-08-01,3.25675
Durango,2022-09-01,3.25675
Durango,2022-04-01,3.26514
Durango,2022-05-01,3.26514
Durango,2022-06-01,3.26514
Durango,2022-01-01,3.5752100000000002
Durango,2022-02-01,3.5752100000000002
Durango,2022-03-01,3.5752100000000002
Durango,2023-10-01,2.82041
Durango,2023-11-01,2.82041
Durango,2023-12-01,2.82041
Durango,2023-04-01,2.87201
Durango,2023-05-01,2.87201
Durango,2023-06-01,2.87201
Durango,2023-01-01,2.98737
Durango,2023-02-01,2.98737
Durango,2023-03-01,2.98737
Durango,2023-07-01,3.09686
Durango,2023-08-01,3.09686
Durango,2023-09-01,3.09686
Guanajuato,2017-07-01,2.88235
Guanajuato,2017-08-01,2.88235
Guanajuato,2017-09-01,2.88235
Guanajuato,2017-01-01,3.4732
Guanajuato,2017-02-01,3.4732
Guanajuato,2017-03-01,3.4732
Guanajuato,2017-10-01,3.82566
Guanajuato,2017-11-01,3.82566
Guanajuato,2017-12-01,3.82566
Guanajuato,2017-04-01,4.11357
Guanajuato,2017-05-01,4.11357
Guanajuato,2017-06-01,4.11357
Guanajuato,2018-04-01,3.40197
Guanajuato,2018-05-01,3.40197
Guanajuato,2018-06-01,3.40197
Guanajuato,2018-01-01,3.49782
Guanajuato,2018-02-01,3.49782
Guanajuato,2018-03-01,3.49782
Guanajuato,2018-07-01,3.67721
Guanajuato,2018-08-01,3.67721
Guanajuato,2018-09-01,3.67721
Guanajuato,2018-10-01,3.81109
Guanajuato,2018-11-01,3.81109
Guanajuato,2018-12-01,3.81109
Guanajuato,2019-10-01,3.29813
Guanajuato,2019-11-01,3.29813
Guanajuato,2019-12-01,3.29813
Guanajuato,2019-04-01,3.76565
Guanajuato,2019-05-01,3.76565
Guanajuato,2019-06-01,3.76565
Guanajuato,2019-07-01,3.80883
Guanajuato,2019-08-01,3.80883
Guanajuato,2019-09-01,3.80883
Guanajuato,2019-01-01,3.98003
Guanajuato,2019-02-01,3.98003
Guanajuato,2019-03-01,3.98003
Guanajuato,2020-01-01,3.55997
Guanajuato,2020-02-01,3.55997
Guanajuato,2020-03-01,3.55997
Guanajuato,2020-10-01,5.3365
Guanajuato,2020-11-01,5.3365
Guanajuato,2020-12-01,5.3365
Guanajuato,2020-07-01,6.64331
Guanajuato,2020-08-01,6.64331
Guanajuato,2020-09-01,6.64331
Guanajuato,2020-04-01,NA
Guanajuato,2020-05-01,NA
Guanajuato,2020-06-01,NA
Guanajuato,2021-10-01,3.91123
Guanajuato,2021-11-01,3.91123
Guanajuato,2021-12-01,3.91123
Guanajuato,2021-07-01,5.41382
Guanajuato,2021-08-01,5.41382
Guanajuato,2021-09-01,5.41382
Guanajuato,2021-04-01,5.60891
Guanajuato,2021-05-01,5.60891
Guanajuato,2021-06-01,5.60891
Guanajuato,2021-01-01,5.91211
Guanajuato,2021-02-01,5.91211
Guanajuato,2021-03-01,5.91211
Guanajuato,2022-04-01,2.9324
Guanajuato,2022-05-01,2.9324
Guanajuato,2022-06-01,2.9324
Guanajuato,2022-10-01,3.0708
Guanajuato,2022-11-01,3.0708
Guanajuato,2022-12-01,3.0708
Guanajuato,2022-01-01,3.63624
Guanajuato,2022-02-01,3.63624
Guanajuato,2022-03-01,3.63624
Guanajuato,2022-07-01,4.01364
Guanajuato,2022-08-01,4.01364
Guanajuato,2022-09-01,4.01364
Guanajuato,2023-01-01,2.8961
Guanajuato,2023-02-01,2.8961
Guanajuato,2023-03-01,2.8961
Guanajuato,2023-10-01,3.06176
Guanajuato,2023-11-01,3.06176
Guanajuato,2023-12-01,3.06176
Guanajuato,2023-07-01,3.175
Guanajuato,2023-08-01,3.175
Guanajuato,2023-09-01,3.175
Guanajuato,2023-04-01,3.4081
Guanajuato,2023-05-01,3.4081
Guanajuato,2023-06-01,3.4081
Guerrero,2017-04-01,1.4392
Guerrero,2017-05-01,1.4392
Guerrero,2017-06-01,1.4392
Guerrero,2017-07-01,1.48803
Guerrero,2017-08-01,1.48803
Guerrero,2017-09-01,1.48803
Guerrero,2017-10-01,1.57982
Guerrero,2017-11-01,1.57982
Guerrero,2017-12-01,1.57982
Guerrero,2017-01-01,2.07951
Guerrero,2017-02-01,2.07951
Guerrero,2017-03-01,2.07951
Guerrero,2018-04-01,0.84914
Guerrero,2018-05-01,0.84914
Guerrero,2018-06-01,0.84914
Guerrero,2018-01-01,1.22757
Guerrero,2018-02-01,1.22757
Guerrero,2018-03-01,1.22757
Guerrero,2018-10-01,1.23073
Guerrero,2018-11-01,1.23073
Guerrero,2018-12-01,1.23073
Guerrero,2018-07-01,1.54874
Guerrero,2018-08-01,1.54874
Guerrero,2018-09-01,1.54874
Guerrero,2019-04-01,1.39868
Guerrero,2019-05-01,1.39868
Guerrero,2019-06-01,1.39868
Guerrero,2019-07-01,1.4025
Guerrero,2019-08-01,1.4025
Guerrero,2019-09-01,1.4025
Guerrero,2019-10-01,1.4506
Guerrero,2019-11-01,1.4506
Guerrero,2019-12-01,1.4506
Guerrero,2019-01-01,1.82428
Guerrero,2019-02-01,1.82428
Guerrero,2019-03-01,1.82428
Guerrero,2020-01-01,1.58399
Guerrero,2020-02-01,1.58399
Guerrero,2020-03-01,1.58399
Guerrero,2020-10-01,2.40477
Guerrero,2020-11-01,2.40477
Guerrero,2020-12-01,2.40477
Guerrero,2020-07-01,3.2863
Guerrero,2020-08-01,3.2863
Guerrero,2020-09-01,3.2863
Guerrero,2020-04-01,NA
Guerrero,2020-05-01,NA
Guerrero,2020-06-01,NA
Guerrero,2021-10-01,1.41565
Guerrero,2021-11-01,1.41565
Guerrero,2021-12-01,1.41565
Guerrero,2021-04-01,1.50949
Guerrero,2021-05-01,1.50949
Guerrero,2021-06-01,1.50949
Guerrero,2021-07-01,1.59391
Guerrero,2021-08-01,1.59391
Guerrero,2021-09-01,1.59391
Guerrero,2021-01-01,1.69174
Guerrero,2021-02-01,1.69174
Guerrero,2021-03-01,1.69174
Guerrero,2022-10-01,0.80639
Guerrero,2022-11-01,0.80639
Guerrero,2022-12-01,0.80639
Guerrero,2022-04-01,1.48935
Guerrero,2022-05-01,1.48935
Guerrero,2022-06-01,1.48935
Guerrero,2022-01-01,1.60378
Guerrero,2022-02-01,1.60378
Guerrero,2022-03-01,1.60378
Guerrero,2022-07-01,1.71875
Guerrero,2022-08-01,1.71875
Guerrero,2022-09-01,1.71875
Guerrero,2023-10-01,0.76679
Guerrero,2023-11-01,0.76679
Guerrero,2023-12-01,0.76679
Guerrero,2023-04-01,0.9491
Guerrero,2023-05-01,0.9491
Guerrero,2023-06-01,0.9491
Guerrero,2023-07-01,1.14982
Guerrero,2023-08-01,1.14982
Guerrero,2023-09-01,1.14982
Guerrero,2023-01-01,1.79719
Guerrero,2023-02-01,1.79719
Guerrero,2023-03-01,1.79719
Hidalgo,2017-07-01,2.26899
Hidalgo,2017-08-01,2.26899
Hidalgo,2017-09-01,2.26899
Hidalgo,2017-10-01,2.60214
Hidalgo,2017-11-01,2.60214
Hidalgo,2017-12-01,2.60214
Hidalgo,2017-04-01,3.15223
Hidalgo,2017-05-01,3.15223
Hidalgo,2017-06-01,3.15223
Hidalgo,2017-01-01,3.55419
Hidalgo,2017-02-01,3.55419
Hidalgo,2017-03-01,3.55419
Hidalgo,2018-10-01,2.07696
Hidalgo,2018-11-01,2.07696
Hidalgo,2018-12-01,2.07696
Hidalgo,2018-01-01,2.42492
Hidalgo,2018-02-01,2.42492
Hidalgo,2018-03-01,2.42492
Hidalgo,2018-04-01,2.43348
Hidalgo,2018-05-01,2.43348
Hidalgo,2018-06-01,2.43348
Hidalgo,2018-07-01,3.06785
Hidalgo,2018-08-01,3.06785
Hidalgo,2018-09-01,3.06785
Hidalgo,2019-07-01,2.05468
Hidalgo,2019-08-01,2.05468
Hidalgo,2019-09-01,2.05468
Hidalgo,2019-01-01,2.47825
Hidalgo,2019-02-01,2.47825
Hidalgo,2019-03-01,2.47825
Hidalgo,2019-10-01,2.50749
Hidalgo,2019-11-01,2.50749
Hidalgo,2019-12-01,2.50749
Hidalgo,2019-04-01,2.69448
Hidalgo,2019-05-01,2.69448
Hidalgo,2019-06-01,2.69448
Hidalgo,2020-01-01,1.86791
Hidalgo,2020-02-01,1.86791
Hidalgo,2020-03-01,1.86791
Hidalgo,2020-10-01,2.19263
Hidalgo,2020-11-01,2.19263
Hidalgo,2020-12-01,2.19263
Hidalgo,2020-07-01,3.33658
Hidalgo,2020-08-01,3.33658
Hidalgo,2020-09-01,3.33658
Hidalgo,2020-04-01,NA
Hidalgo,2020-05-01,NA
Hidalgo,2020-06-01,NA
Hidalgo,2021-04-01,2.22535
Hidalgo,2021-05-01,2.22535
Hidalgo,2021-06-01,2.22535
Hidalgo,2021-10-01,2.70085
Hidalgo,2021-11-01,2.70085
Hidalgo,2021-12-01,2.70085
Hidalgo,2021-07-01,2.87668
Hidalgo,2021-08-01,2.87668
Hidalgo,2021-09-01,2.87668
Hidalgo,2021-01-01,4.02292
Hidalgo,2021-02-01,4.02292
Hidalgo,2021-03-01,4.02292
Hidalgo,2022-10-01,2.20085
Hidalgo,2022-11-01,2.20085
Hidalgo,2022-12-01,2.20085
Hidalgo,2022-01-01,2.22827
Hidalgo,2022-02-01,2.22827
Hidalgo,2022-03-01,2.22827
Hidalgo,2022-07-01,2.30357
Hidalgo,2022-08-01,2.30357
Hidalgo,2022-09-01,2.30357
Hidalgo,2022-04-01,2.64529
Hidalgo,2022-05-01,2.64529
Hidalgo,2022-06-01,2.64529
Hidalgo,2023-10-01,1.82158
Hidalgo,2023-11-01,1.82158
Hidalgo,2023-12-01,1.82158
Hidalgo,2023-01-01,2.51059
Hidalgo,2023-02-01,2.51059
Hidalgo,2023-03-01,2.51059
Hidalgo,2023-07-01,2.61026
Hidalgo,2023-08-01,2.61026
Hidalgo,2023-09-01,2.61026
Hidalgo,2023-04-01,2.74172
Hidalgo,2023-05-01,2.74172
Hidalgo,2023-06-01,2.74172
Jalisco,2017-04-01,2.55351
Jalisco,2017-05-01,2.55351
Jalisco,2017-06-01,2.55351
Jalisco,2017-01-01,2.70792
Jalisco,2017-02-01,2.70792
Jalisco,2017-03-01,2.70792
Jalisco,2017-10-01,2.90621
Jalisco,2017-11-01,2.90621
Jalisco,2017-12-01,2.90621
Jalisco,2017-07-01,3.11403
Jalisco,2017-08-01,3.11403
Jalisco,2017-09-01,3.11403
Jalisco,2018-01-01,2.32044
Jalisco,2018-02-01,2.32044
Jalisco,2018-03-01,2.32044
Jalisco,2018-10-01,2.52382
Jalisco,2018-11-01,2.52382
Jalisco,2018-12-01,2.52382
Jalisco,2018-04-01,3.00514
Jalisco,2018-05-01,3.00514
Jalisco,2018-06-01,3.00514
Jalisco,2018-07-01,3.00571
Jalisco,2018-08-01,3.00571
Jalisco,2018-09-01,3.00571
Jalisco,2019-01-01,2.58847
Jalisco,2019-02-01,2.58847
Jalisco,2019-03-01,2.58847
Jalisco,2019-04-01,2.96334
Jalisco,2019-05-01,2.96334
Jalisco,2019-06-01,2.96334
Jalisco,2019-10-01,3.05405
Jalisco,2019-11-01,3.05405
Jalisco,2019-12-01,3.05405
Jalisco,2019-07-01,3.18748
Jalisco,2019-08-01,3.18748
Jalisco,2019-09-01,3.18748
Jalisco,2020-01-01,2.93746
Jalisco,2020-02-01,2.93746
Jalisco,2020-03-01,2.93746
Jalisco,2020-10-01,4.05613
Jalisco,2020-11-01,4.05613
Jalisco,2020-12-01,4.05613
Jalisco,2020-07-01,5.00079
Jalisco,2020-08-01,5.00079
Jalisco,2020-09-01,5.00079
Jalisco,2020-04-01,NA
Jalisco,2020-05-01,NA
Jalisco,2020-06-01,NA
Jalisco,2021-10-01,3.09968
Jalisco,2021-11-01,3.09968
Jalisco,2021-12-01,3.09968
Jalisco,2021-04-01,3.34635
Jalisco,2021-05-01,3.34635
Jalisco,2021-06-01,3.34635
Jalisco,2021-07-01,3.38636
Jalisco,2021-08-01,3.38636
Jalisco,2021-09-01,3.38636
Jalisco,2021-01-01,3.71942
Jalisco,2021-02-01,3.71942
Jalisco,2021-03-01,3.71942
Jalisco,2022-04-01,2.34432
Jalisco,2022-05-01,2.34432
Jalisco,2022-06-01,2.34432
Jalisco,2022-01-01,2.36197
Jalisco,2022-02-01,2.36197
Jalisco,2022-03-01,2.36197
Jalisco,2022-10-01,2.36228
Jalisco,2022-11-01,2.36228
Jalisco,2022-12-01,2.36228
Jalisco,2022-07-01,2.81465
Jalisco,2022-08-01,2.81465
Jalisco,2022-09-01,2.81465
Jalisco,2023-01-01,2.15357
Jalisco,2023-02-01,2.15357
Jalisco,2023-03-01,2.15357
Jalisco,2023-10-01,2.20221
Jalisco,2023-11-01,2.20221
Jalisco,2023-12-01,2.20221
Jalisco,2023-04-01,2.45554
Jalisco,2023-05-01,2.45554
Jalisco,2023-06-01,2.45554
Jalisco,2023-07-01,2.96041
Jalisco,2023-08-01,2.96041
Jalisco,2023-09-01,2.96041
Michoacán de Ocampo,2017-10-01,2.17541
Michoacán de Ocampo,2017-11-01,2.17541
Michoacán de Ocampo,2017-12-01,2.17541
Michoacán de Ocampo,2017-07-01,2.593
Michoacán de Ocampo,2017-08-01,2.593
Michoacán de Ocampo,2017-09-01,2.593
Michoacán de Ocampo,2017-04-01,2.74172
Michoacán de Ocampo,2017-05-01,2.74172
Michoacán de Ocampo,2017-06-01,2.74172
Michoacán de Ocampo,2017-01-01,2.91864
Michoacán de Ocampo,2017-02-01,2.91864
Michoacán de Ocampo,2017-03-01,2.91864
Michoacán de Ocampo,2018-01-01,1.96549
Michoacán de Ocampo,2018-02-01,1.96549
Michoacán de Ocampo,2018-03-01,1.96549
Michoacán de Ocampo,2018-04-01,1.98021
Michoacán de Ocampo,2018-05-01,1.98021
Michoacán de Ocampo,2018-06-01,1.98021
Michoacán de Ocampo,2018-07-01,2.42273
Michoacán de Ocampo,2018-08-01,2.42273
Michoacán de Ocampo,2018-09-01,2.42273
Michoacán de Ocampo,2018-10-01,2.49238
Michoacán de Ocampo,2018-11-01,2.49238
Michoacán de Ocampo,2018-12-01,2.49238
Michoacán de Ocampo,2019-01-01,2.32427
Michoacán de Ocampo,2019-02-01,2.32427
Michoacán de Ocampo,2019-03-01,2.32427
Michoacán de Ocampo,2019-10-01,2.70983
Michoacán de Ocampo,2019-11-01,2.70983
Michoacán de Ocampo,2019-12-01,2.70983
Michoacán de Ocampo,2019-04-01,2.92664
Michoacán de Ocampo,2019-05-01,2.92664
Michoacán de Ocampo,2019-06-01,2.92664
Michoacán de Ocampo,2019-07-01,2.92755
Michoacán de Ocampo,2019-08-01,2.92755
Michoacán de Ocampo,2019-09-01,2.92755
Michoacán de Ocampo,2020-10-01,2.29159
Michoacán de Ocampo,2020-11-01,2.29159
Michoacán de Ocampo,2020-12-01,2.29159
Michoacán de Ocampo,2020-01-01,2.3442
Michoacán de Ocampo,2020-02-01,2.3442
Michoacán de Ocampo,2020-03-01,2.3442
Michoacán de Ocampo,2020-07-01,2.55683
Michoacán de Ocampo,2020-08-01,2.55683
Michoacán de Ocampo,2020-09-01,2.55683
Michoacán de Ocampo,2020-04-01,NA
Michoacán de Ocampo,2020-05-01,NA
Michoacán de Ocampo,2020-06-01,NA
Michoacán de Ocampo,2021-04-01,1.98448
Michoacán de Ocampo,2021-05-01,1.98448
Michoacán de Ocampo,2021-06-01,1.98448
Michoacán de Ocampo,2021-07-01,2.19764
Michoacán de Ocampo,2021-08-01,2.19764
Michoacán de Ocampo,2021-09-01,2.19764
Michoacán de Ocampo,2021-10-01,2.5418
Michoacán de Ocampo,2021-11-01,2.5418
Michoacán de Ocampo,2021-12-01,2.5418
Michoacán de Ocampo,2021-01-01,2.54275
Michoacán de Ocampo,2021-02-01,2.54275
Michoacán de Ocampo,2021-03-01,2.54275
Michoacán de Ocampo,2022-01-01,1.62119
Michoacán de Ocampo,2022-02-01,1.62119
Michoacán de Ocampo,2022-03-01,1.62119
Michoacán de Ocampo,2022-10-01,1.66851
Michoacán de Ocampo,2022-11-01,1.66851
Michoacán de Ocampo,2022-12-01,1.66851
Michoacán de Ocampo,2022-04-01,1.72564
Michoacán de Ocampo,2022-05-01,1.72564
Michoacán de Ocampo,2022-06-01,1.72564
Michoacán de Ocampo,2022-07-01,1.85106
Michoacán de Ocampo,2022-08-01,1.85106
Michoacán de Ocampo,2022-09-01,1.85106
Michoacán de Ocampo,2023-01-01,1.66123
Michoacán de Ocampo,2023-02-01,1.66123
Michoacán de Ocampo,2023-03-01,1.66123
Michoacán de Ocampo,2023-07-01,1.96522
Michoacán de Ocampo,2023-08-01,1.96522
Michoacán de Ocampo,2023-09-01,1.96522
Michoacán de Ocampo,2023-04-01,1.99521
Michoacán de Ocampo,2023-05-01,1.99521
Michoacán de Ocampo,2023-06-01,1.99521
Michoacán de Ocampo,2023-10-01,2.09188
Michoacán de Ocampo,2023-11-01,2.09188
Michoacán de Ocampo,2023-12-01,2.09188
Morelos,2017-04-01,1.61058
Morelos,2017-05-01,1.61058
Morelos,2017-06-01,1.61058
Morelos,2017-01-01,1.72331
Morelos,2017-02-01,1.72331
Morelos,2017-03-01,1.72331
Morelos,2017-10-01,2.36783
Morelos,2017-11-01,2.36783
Morelos,2017-12-01,2.36783
Morelos,2017-07-01,2.56623
Morelos,2017-08-01,2.56623
Morelos,2017-09-01,2.56623
Morelos,2018-01-01,1.85093
Morelos,2018-02-01,1.85093
Morelos,2018-03-01,1.85093
Morelos,2018-10-01,2.08163
Morelos,2018-11-01,2.08163
Morelos,2018-12-01,2.08163
Morelos,2018-04-01,2.1377100000000002
Morelos,2018-05-01,2.1377100000000002
Morelos,2018-06-01,2.1377100000000002
Morelos,2018-07-01,2.40826
Morelos,2018-08-01,2.40826
Morelos,2018-09-01,2.40826
Morelos,2019-01-01,1.78594
Morelos,2019-02-01,1.78594
Morelos,2019-03-01,1.78594
Morelos,2019-04-01,2.34311
Morelos,2019-05-01,2.34311
Morelos,2019-06-01,2.34311
Morelos,2019-10-01,2.42082
Morelos,2019-11-01,2.42082
Morelos,2019-12-01,2.42082
Morelos,2019-07-01,2.68176
Morelos,2019-08-01,2.68176
Morelos,2019-09-01,2.68176
Morelos,2020-01-01,1.94706
Morelos,2020-02-01,1.94706
Morelos,2020-03-01,1.94706
Morelos,2020-10-01,2.42373
Morelos,2020-11-01,2.42373
Morelos,2020-12-01,2.42373
Morelos,2020-07-01,2.72547
Morelos,2020-08-01,2.72547
Morelos,2020-09-01,2.72547
Morelos,2020-04-01,NA
Morelos,2020-05-01,NA
Morelos,2020-06-01,NA
Morelos,2021-01-01,2.00878
Morelos,2021-02-01,2.00878
Morelos,2021-03-01,2.00878
Morelos,2021-10-01,2.38563
Morelos,2021-11-01,2.38563
Morelos,2021-12-01,2.38563
Morelos,2021-07-01,2.45704
Morelos,2021-08-01,2.45704
Morelos,2021-09-01,2.45704
Morelos,2021-04-01,2.55837
Morelos,2021-05-01,2.55837
Morelos,2021-06-01,2.55837
Morelos,2022-01-01,1.85844
Morelos,2022-02-01,1.85844
Morelos,2022-03-01,1.85844
Morelos,2022-04-01,2.12956
Morelos,2022-05-01,2.12956
Morelos,2022-06-01,2.12956
Morelos,2022-07-01,2.39593
Morelos,2022-08-01,2.39593
Morelos,2022-09-01,2.39593
Morelos,2022-10-01,2.72604
Morelos,2022-11-01,2.72604
Morelos,2022-12-01,2.72604
Morelos,2023-01-01,1.45759
Morelos,2023-02-01,1.45759
Morelos,2023-03-01,1.45759
Morelos,2023-04-01,1.81079
Morelos,2023-05-01,1.81079
Morelos,2023-06-01,1.81079
Morelos,2023-10-01,1.84693
Morelos,2023-11-01,1.84693
Morelos,2023-12-01,1.84693
Morelos,2023-07-01,2.33036
Morelos,2023-08-01,2.33036
Morelos,2023-09-01,2.33036
México,2017-04-01,3.57744
México,2017-05-01,3.57744
México,2017-06-01,3.57744
México,2017-10-01,3.98033
México,2017-11-01,3.98033
México,2017-12-01,3.98033
México,2017-01-01,4.08626
México,2017-02-01,4.08626
México,2017-03-01,4.08626
México,2017-07-01,4.32719
México,2017-08-01,4.32719
México,2017-09-01,4.32719
México,2018-07-01,3.67741
México,2018-08-01,3.67741
México,2018-09-01,3.67741
México,2018-10-01,3.82468
México,2018-11-01,3.82468
México,2018-12-01,3.82468
México,2018-04-01,4.06686
México,2018-05-01,4.06686
México,2018-06-01,4.06686
México,2018-01-01,4.23581
México,2018-02-01,4.23581
México,2018-03-01,4.23581
México,2019-01-01,4.19468
México,2019-02-01,4.19468
México,2019-03-01,4.19468
México,2019-04-01,4.50421
México,2019-05-01,4.50421
México,2019-06-01,4.50421
México,2019-10-01,4.55548
México,2019-11-01,4.55548
México,2019-12-01,4.55548
México,2019-07-01,4.73925
México,2019-08-01,4.73925
México,2019-09-01,4.73925
México,2020-01-01,5.22709
México,2020-02-01,5.22709
México,2020-03-01,5.22709
México,2020-10-01,6.39335
México,2020-11-01,6.39335
México,2020-12-01,6.39335
México,2020-07-01,6.5651
México,2020-08-01,6.5651
México,2020-09-01,6.5651
México,2020-04-01,NA
México,2020-05-01,NA
México,2020-06-01,NA
México,2021-10-01,4.65943
México,2021-11-01,4.65943
México,2021-12-01,4.65943
México,2021-07-01,5.823
México,2021-08-01,5.823
México,2021-09-01,5.823
México,2021-04-01,6.2184
México,2021-05-01,6.2184
México,2021-06-01,6.2184
México,2021-01-01,6.50941
México,2021-02-01,6.50941
México,2021-03-01,6.50941
México,2022-04-01,4.21645
México,2022-05-01,4.21645
México,2022-06-01,4.21645
México,2022-10-01,4.46142
México,2022-11-01,4.46142
México,2022-12-01,4.46142
México,2022-07-01,4.8312
México,2022-08-01,4.8312
México,2022-09-01,4.8312
México,2022-01-01,5.32569
México,2022-02-01,5.32569
México,2022-03-01,5.32569
México,2023-01-01,3.37042
México,2023-02-01,3.37042
México,2023-03-01,3.37042
México,2023-10-01,3.52911
México,2023-11-01,3.52911
México,2023-12-01,3.52911
México,2023-04-01,3.64444
México,2023-05-01,3.64444
México,2023-06-01,3.64444
México,2023-07-01,4.02761
México,2023-08-01,4.02761
México,2023-09-01,4.02761
Nacional,2017-10-01,3.34921
Nacional,2017-11-01,3.34921
Nacional,2017-12-01,3.34921
Nacional,2017-01-01,3.38983
Nacional,2017-02-01,3.38983
Nacional,2017-03-01,3.38983
Nacional,2017-04-01,3.46266
Nacional,2017-05-01,3.46266
Nacional,2017-06-01,3.46266
Nacional,2017-07-01,3.54878
Nacional,2017-08-01,3.54878
Nacional,2017-09-01,3.54878
Nacional,2018-01-01,3.1215
Nacional,2018-02-01,3.1215
Nacional,2018-03-01,3.1215
Nacional,2018-10-01,3.26647
Nacional,2018-11-01,3.26647
Nacional,2018-12-01,3.26647
Nacional,2018-04-01,3.33258
Nacional,2018-05-01,3.33258
Nacional,2018-06-01,3.33258
Nacional,2018-07-01,3.44378
Nacional,2018-08-01,3.44378
Nacional,2018-09-01,3.44378
Nacional,2019-01-01,3.35309
Nacional,2019-02-01,3.35309
Nacional,2019-03-01,3.35309
Nacional,2019-10-01,3.37407
Nacional,2019-11-01,3.37407
Nacional,2019-12-01,3.37407
Nacional,2019-04-01,3.53312
Nacional,2019-05-01,3.53312
Nacional,2019-06-01,3.53312
Nacional,2019-07-01,3.73432
Nacional,2019-08-01,3.73432
Nacional,2019-09-01,3.73432
Nacional,2020-01-01,3.43158
Nacional,2020-02-01,3.43158
Nacional,2020-03-01,3.43158
Nacional,2020-10-01,4.54486
Nacional,2020-11-01,4.54486
Nacional,2020-12-01,4.54486
Nacional,2020-04-01,4.79047
Nacional,2020-05-01,4.79047
Nacional,2020-06-01,4.79047
Nacional,2020-07-01,5.15398
Nacional,2020-08-01,5.15398
Nacional,2020-09-01,5.15398
Nacional,2021-10-01,3.65983
Nacional,2021-11-01,3.65983
Nacional,2021-12-01,3.65983
Nacional,2021-04-01,4.20596
Nacional,2021-05-01,4.20596
Nacional,2021-06-01,4.20596
Nacional,2021-07-01,4.23825
Nacional,2021-08-01,4.23825
Nacional,2021-09-01,4.23825
Nacional,2021-01-01,4.35471
Nacional,2021-02-01,4.35471
Nacional,2021-03-01,4.35471
Nacional,2022-10-01,2.98627
Nacional,2022-11-01,2.98627
Nacional,2022-12-01,2.98627
Nacional,2022-04-01,3.23187
Nacional,2022-05-01,3.23187
Nacional,2022-06-01,3.23187
Nacional,2022-07-01,3.42975
Nacional,2022-08-01,3.42975
Nacional,2022-09-01,3.42975
Nacional,2022-01-01,3.45387
Nacional,2022-02-01,3.45387
Nacional,2022-03-01,3.45387
Nacional,2023-01-01,2.65801
Nacional,2023-02-01,2.65801
Nacional,2023-03-01,2.65801
Nacional,2023-10-01,2.68503
Nacional,2023-11-01,2.68503
Nacional,2023-12-01,2.68503
Nacional,2023-04-01,2.81392
Nacional,2023-05-01,2.81392
Nacional,2023-06-01,2.81392
Nacional,2023-07-01,2.99248
Nacional,2023-08-01,2.99248
Nacional,2023-09-01,2.99248
Nayarit,2017-01-01,3.00801
Nayarit,2017-02-01,3.00801
Nayarit,2017-03-01,3.00801
Nayarit,2017-10-01,3.57646
Nayarit,2017-11-01,3.57646
Nayarit,2017-12-01,3.57646
Nayarit,2017-04-01,3.64245
Nayarit,2017-05-01,3.64245
Nayarit,2017-06-01,3.64245
Nayarit,2017-07-01,4.0914
Nayarit,2017-08-01,4.0914
Nayarit,2017-09-01,4.0914
Nayarit,2018-01-01,3.3907
Nayarit,2018-02-01,3.3907
Nayarit,2018-03-01,3.3907
Nayarit,2018-10-01,3.59989
Nayarit,2018-11-01,3.59989
Nayarit,2018-12-01,3.59989
Nayarit,2018-04-01,4.12265
Nayarit,2018-05-01,4.12265
Nayarit,2018-06-01,4.12265
Nayarit,2018-07-01,4.67911
Nayarit,2018-08-01,4.67911
Nayarit,2018-09-01,4.67911
Nayarit,2019-10-01,3.56766
Nayarit,2019-11-01,3.56766
Nayarit,2019-12-01,3.56766
Nayarit,2019-01-01,3.65747
Nayarit,2019-02-01,3.65747
Nayarit,2019-03-01,3.65747
Nayarit,2019-04-01,3.9655300000000002
Nayarit,2019-05-01,3.9655300000000002
Nayarit,2019-06-01,3.9655300000000002
Nayarit,2019-07-01,4.48981
Nayarit,2019-08-01,4.48981
Nayarit,2019-09-01,4.48981
Nayarit,2020-01-01,3.71128
Nayarit,2020-02-01,3.71128
Nayarit,2020-03-01,3.71128
Nayarit,2020-10-01,4.03884
Nayarit,2020-11-01,4.03884
Nayarit,2020-12-01,4.03884
Nayarit,2020-07-01,5.21592
Nayarit,2020-08-01,5.21592
Nayarit,2020-09-01,5.21592
Nayarit,2020-04-01,NA
Nayarit,2020-05-01,NA
Nayarit,2020-06-01,NA
Nayarit,2021-10-01,2.61016
Nayarit,2021-11-01,2.61016
Nayarit,2021-12-01,2.61016
Nayarit,2021-01-01,2.65232
Nayarit,2021-02-01,2.65232
Nayarit,2021-03-01,2.65232
Nayarit,2021-04-01,2.80482
Nayarit,2021-05-01,2.80482
Nayarit,2021-06-01,2.80482
Nayarit,2021-07-01,3.38426
Nayarit,2021-08-01,3.38426
Nayarit,2021-09-01,3.38426
Nayarit,2022-10-01,2.38038
Nayarit,2022-11-01,2.38038
Nayarit,2022-12-01,2.38038
Nayarit,2022-04-01,2.46999
Nayarit,2022-05-01,2.46999
Nayarit,2022-06-01,2.46999
Nayarit,2022-07-01,2.75796
Nayarit,2022-08-01,2.75796
Nayarit,2022-09-01,2.75796
Nayarit,2022-01-01,2.96033
Nayarit,2022-02-01,2.96033
Nayarit,2022-03-01,2.96033
Nayarit,2023-01-01,1.90105
Nayarit,2023-02-01,1.90105
Nayarit,2023-03-01,1.90105
Nayarit,2023-10-01,2.05406
Nayarit,2023-11-01,2.05406
Nayarit,2023-12-01,2.05406
Nayarit,2023-04-01,2.14952
Nayarit,2023-05-01,2.14952
Nayarit,2023-06-01,2.14952
Nayarit,2023-07-01,2.30657
Nayarit,2023-08-01,2.30657
Nayarit,2023-09-01,2.30657
Nuevo León,2017-10-01,3.4269
Nuevo León,2017-11-01,3.4269
Nuevo León,2017-12-01,3.4269
Nuevo León,2017-01-01,3.75102
Nuevo León,2017-02-01,3.75102
Nuevo León,2017-03-01,3.75102
Nuevo León,2017-07-01,3.96741
Nuevo León,2017-08-01,3.96741
Nuevo León,2017-09-01,3.96741
Nuevo León,2017-04-01,4.0431
Nuevo León,2017-05-01,4.0431
Nuevo León,2017-06-01,4.0431
Nuevo León,2018-04-01,3.4612
Nuevo León,2018-05-01,3.4612
Nuevo León,2018-06-01,3.4612
Nuevo León,2018-10-01,3.55218
Nuevo León,2018-11-01,3.55218
Nuevo León,2018-12-01,3.55218
Nuevo León,2018-01-01,3.56184
Nuevo León,2018-02-01,3.56184
Nuevo León,2018-03-01,3.56184
Nuevo León,2018-07-01,3.77841
Nuevo León,2018-08-01,3.77841
Nuevo León,2018-09-01,3.77841
Nuevo León,2019-01-01,3.40065
Nuevo León,2019-02-01,3.40065
Nuevo León,2019-03-01,3.40065
Nuevo León,2019-04-01,3.49868
Nuevo León,2019-05-01,3.49868
Nuevo León,2019-06-01,3.49868
Nuevo León,2019-07-01,3.6119
Nuevo León,2019-08-01,3.6119
Nuevo León,2019-09-01,3.6119
Nuevo León,2019-10-01,3.72879
Nuevo León,2019-11-01,3.72879
Nuevo León,2019-12-01,3.72879
Nuevo León,2020-01-01,3.7449
Nuevo León,2020-02-01,3.7449
Nuevo León,2020-03-01,3.7449
Nuevo León,2020-10-01,4.22835
Nuevo León,2020-11-01,4.22835
Nuevo León,2020-12-01,4.22835
Nuevo León,2020-07-01,5.25984
Nuevo León,2020-08-01,5.25984
Nuevo León,2020-09-01,5.25984
Nuevo León,2020-04-01,NA
Nuevo León,2020-05-01,NA
Nuevo León,2020-06-01,NA
Nuevo León,2021-10-01,3.74577
Nuevo León,2021-11-01,3.74577
Nuevo León,2021-12-01,3.74577
Nuevo León,2021-07-01,4.61918
Nuevo León,2021-08-01,4.61918
Nuevo León,2021-09-01,4.61918
Nuevo León,2021-04-01,4.70393
Nuevo León,2021-05-01,4.70393
Nuevo León,2021-06-01,4.70393
Nuevo León,2021-01-01,4.87132
Nuevo León,2021-02-01,4.87132
Nuevo León,2021-03-01,4.87132
Nuevo León,2022-10-01,3.57181
Nuevo León,2022-11-01,3.57181
Nuevo León,2022-12-01,3.57181
Nuevo León,2022-04-01,3.69942
Nuevo León,2022-05-01,3.69942
Nuevo León,2022-06-01,3.69942
Nuevo León,2022-07-01,4.06228
Nuevo León,2022-08-01,4.06228
Nuevo León,2022-09-01,4.06228
Nuevo León,2022-01-01,4.2039
Nuevo León,2022-02-01,4.2039
Nuevo León,2022-03-01,4.2039
Nuevo León,2023-10-01,2.68616
Nuevo León,2023-11-01,2.68616
Nuevo León,2023-12-01,2.68616
Nuevo León,2023-01-01,3.12375
Nuevo León,2023-02-01,3.12375
Nuevo León,2023-03-01,3.12375
Nuevo León,2023-07-01,3.21641
Nuevo León,2023-08-01,3.21641
Nuevo León,2023-09-01,3.21641
Nuevo León,2023-04-01,3.37417
Nuevo León,2023-05-01,3.37417
Nuevo León,2023-06-01,3.37417
Oaxaca,2017-10-01,1.75004
Oaxaca,2017-11-01,1.75004
Oaxaca,2017-12-01,1.75004
Oaxaca,2017-04-01,2.16256
Oaxaca,2017-05-01,2.16256
Oaxaca,2017-06-01,2.16256
Oaxaca,2017-07-01,2.1697
Oaxaca,2017-08-01,2.1697
Oaxaca,2017-09-01,2.1697
Oaxaca,2017-01-01,2.67317
Oaxaca,2017-02-01,2.67317
Oaxaca,2017-03-01,2.67317
Oaxaca,2018-01-01,1.28293
Oaxaca,2018-02-01,1.28293
Oaxaca,2018-03-01,1.28293
Oaxaca,2018-04-01,1.40405
Oaxaca,2018-05-01,1.40405
Oaxaca,2018-06-01,1.40405
Oaxaca,2018-07-01,1.62567
Oaxaca,2018-08-01,1.62567
Oaxaca,2018-09-01,1.62567
Oaxaca,2018-10-01,1.98084
Oaxaca,2018-11-01,1.98084
Oaxaca,2018-12-01,1.98084
Oaxaca,2019-04-01,1.29433
Oaxaca,2019-05-01,1.29433
Oaxaca,2019-06-01,1.29433
Oaxaca,2019-01-01,1.79996
Oaxaca,2019-02-01,1.79996
Oaxaca,2019-03-01,1.79996
Oaxaca,2019-10-01,2.01734
Oaxaca,2019-11-01,2.01734
Oaxaca,2019-12-01,2.01734
Oaxaca,2019-07-01,2.02435
Oaxaca,2019-08-01,2.02435
Oaxaca,2019-09-01,2.02435
Oaxaca,2020-10-01,1.69948
Oaxaca,2020-11-01,1.69948
Oaxaca,2020-12-01,1.69948
Oaxaca,2020-01-01,1.70744
Oaxaca,2020-02-01,1.70744
Oaxaca,2020-03-01,1.70744
Oaxaca,2020-07-01,3.05912
Oaxaca,2020-08-01,3.05912
Oaxaca,2020-09-01,3.05912
Oaxaca,2020-04-01,NA
Oaxaca,2020-05-01,NA
Oaxaca,2020-06-01,NA
Oaxaca,2021-10-01,1.51449
Oaxaca,2021-11-01,1.51449
Oaxaca,2021-12-01,1.51449
Oaxaca,2021-01-01,1.53423
Oaxaca,2021-02-01,1.53423
Oaxaca,2021-03-01,1.53423
Oaxaca,2021-04-01,1.60929
Oaxaca,2021-05-01,1.60929
Oaxaca,2021-06-01,1.60929
Oaxaca,2021-07-01,1.74964
Oaxaca,2021-08-01,1.74964
Oaxaca,2021-09-01,1.74964
Oaxaca,2022-10-01,1.28338
Oaxaca,2022-11-01,1.28338
Oaxaca,2022-12-01,1.28338
Oaxaca,2022-07-01,1.40694
Oaxaca,2022-08-01,1.40694
Oaxaca,2022-09-01,1.40694
Oaxaca,2022-04-01,1.44447
Oaxaca,2022-05-01,1.44447
Oaxaca,2022-06-01,1.44447
Oaxaca,2022-01-01,1.57267
Oaxaca,2022-02-01,1.57267
Oaxaca,2022-03-01,1.57267
Oaxaca,2023-04-01,1.22087
Oaxaca,2023-05-01,1.22087
Oaxaca,2023-06-01,1.22087
Oaxaca,2023-01-01,1.35271
Oaxaca,2023-02-01,1.35271
Oaxaca,2023-03-01,1.35271
Oaxaca,2023-10-01,1.5407
Oaxaca,2023-11-01,1.5407
Oaxaca,2023-12-01,1.5407
Oaxaca,2023-07-01,1.93503
Oaxaca,2023-08-01,1.93503
Oaxaca,2023-09-01,1.93503
Puebla,2017-01-01,2.44445
Puebla,2017-02-01,2.44445
Puebla,2017-03-01,2.44445
Puebla,2017-10-01,2.48474
Puebla,2017-11-01,2.48474
Puebla,2017-12-01,2.48474
Puebla,2017-07-01,2.78053
Puebla,2017-08-01,2.78053
Puebla,2017-09-01,2.78053
Puebla,2017-04-01,3.2811
Puebla,2017-05-01,3.2811
Puebla,2017-06-01,3.2811
Puebla,2018-01-01,2.09489
Puebla,2018-02-01,2.09489
Puebla,2018-03-01,2.09489
Puebla,2018-10-01,2.48602
Puebla,2018-11-01,2.48602
Puebla,2018-12-01,2.48602
Puebla,2018-04-01,2.61532
Puebla,2018-05-01,2.61532
Puebla,2018-06-01,2.61532
Puebla,2018-07-01,3.00278
Puebla,2018-08-01,3.00278
Puebla,2018-09-01,3.00278
Puebla,2019-01-01,2.41344
Puebla,2019-02-01,2.41344
Puebla,2019-03-01,2.41344
Puebla,2019-10-01,2.49711
Puebla,2019-11-01,2.49711
Puebla,2019-12-01,2.49711
Puebla,2019-04-01,2.75398
Puebla,2019-05-01,2.75398
Puebla,2019-06-01,2.75398
Puebla,2019-07-01,2.89198
Puebla,2019-08-01,2.89198
Puebla,2019-09-01,2.89198
Puebla,2020-01-01,2.80175
Puebla,2020-02-01,2.80175
Puebla,2020-03-01,2.80175
Puebla,2020-07-01,4.67189
Puebla,2020-08-01,4.67189
Puebla,2020-09-01,4.67189
Puebla,2020-10-01,6.00336
Puebla,2020-11-01,6.00336
Puebla,2020-12-01,6.00336
Puebla,2020-04-01,NA
Puebla,2020-05-01,NA
Puebla,2020-06-01,NA
Puebla,2021-01-01,3.45713
Puebla,2021-02-01,3.45713
Puebla,2021-03-01,3.45713
Puebla,2021-10-01,3.84523
Puebla,2021-11-01,3.84523
Puebla,2021-12-01,3.84523
Puebla,2021-04-01,3.96812
Puebla,2021-05-01,3.96812
Puebla,2021-06-01,3.96812
Puebla,2021-07-01,4.2224
Puebla,2021-08-01,4.2224
Puebla,2021-09-01,4.2224
Puebla,2022-07-01,2.7309
Puebla,2022-08-01,2.7309
Puebla,2022-09-01,2.7309
Puebla,2022-10-01,2.79282
Puebla,2022-11-01,2.79282
Puebla,2022-12-01,2.79282
Puebla,2022-04-01,2.96205
Puebla,2022-05-01,2.96205
Puebla,2022-06-01,2.96205
Puebla,2022-01-01,3.07139
Puebla,2022-02-01,3.07139
Puebla,2022-03-01,3.07139
Puebla,2023-01-01,2.1502
Puebla,2023-02-01,2.1502
Puebla,2023-03-01,2.1502
Puebla,2023-04-01,2.24191
Puebla,2023-05-01,2.24191
Puebla,2023-06-01,2.24191
Puebla,2023-10-01,2.60802
Puebla,2023-11-01,2.60802
Puebla,2023-12-01,2.60802
Puebla,2023-07-01,2.63941
Puebla,2023-08-01,2.63941
Puebla,2023-09-01,2.63941
Querétaro,2017-01-01,3.75905
Querétaro,2017-02-01,3.75905
Querétaro,2017-03-01,3.75905
Querétaro,2017-07-01,4.13631
Querétaro,2017-08-01,4.13631
Querétaro,2017-09-01,4.13631
Querétaro,2017-10-01,4.54949
Querétaro,2017-11-01,4.54949
Querétaro,2017-12-01,4.54949
Querétaro,2017-04-01,4.82918
Querétaro,2017-05-01,4.82918
Querétaro,2017-06-01,4.82918
Querétaro,2018-01-01,3.25805
Querétaro,2018-02-01,3.25805
Querétaro,2018-03-01,3.25805
Querétaro,2018-10-01,3.70954
Querétaro,2018-11-01,3.70954
Querétaro,2018-12-01,3.70954
Querétaro,2018-04-01,3.8136
Querétaro,2018-05-01,3.8136
Querétaro,2018-06-01,3.8136
Querétaro,2018-07-01,4.26719
Querétaro,2018-08-01,4.26719
Querétaro,2018-09-01,4.26719
Querétaro,2019-01-01,2.64342
Querétaro,2019-02-01,2.64342
Querétaro,2019-03-01,2.64342
Querétaro,2019-04-01,4.53436
Querétaro,2019-05-01,4.53436
Querétaro,2019-06-01,4.53436
Querétaro,2019-10-01,4.71727
Querétaro,2019-11-01,4.71727
Querétaro,2019-12-01,4.71727
Querétaro,2019-07-01,5.35413
Querétaro,2019-08-01,5.35413
Querétaro,2019-09-01,5.35413
Querétaro,2020-01-01,3.49576
Querétaro,2020-02-01,3.49576
Querétaro,2020-03-01,3.49576
Querétaro,2020-10-01,6.91009
Querétaro,2020-11-01,6.91009
Querétaro,2020-12-01,6.91009
Querétaro,2020-07-01,8.21835
Querétaro,2020-08-01,8.21835
Querétaro,2020-09-01,8.21835
Querétaro,2020-04-01,NA
Querétaro,2020-05-01,NA
Querétaro,2020-06-01,NA
Querétaro,2021-01-01,4.9446
Querétaro,2021-02-01,4.9446
Querétaro,2021-03-01,4.9446
Querétaro,2021-07-01,5.40679
Querétaro,2021-08-01,5.40679
Querétaro,2021-09-01,5.40679
Querétaro,2021-10-01,5.74908
Querétaro,2021-11-01,5.74908
Querétaro,2021-12-01,5.74908
Querétaro,2021-04-01,5.76413
Querétaro,2021-05-01,5.76413
Querétaro,2021-06-01,5.76413
Querétaro,2022-01-01,3.62423
Querétaro,2022-02-01,3.62423
Querétaro,2022-03-01,3.62423
Querétaro,2022-10-01,3.62622
Querétaro,2022-11-01,3.62622
Querétaro,2022-12-01,3.62622
Querétaro,2022-07-01,3.81933
Querétaro,2022-08-01,3.81933
Querétaro,2022-09-01,3.81933
Querétaro,2022-04-01,4.2847
Querétaro,2022-05-01,4.2847
Querétaro,2022-06-01,4.2847
Querétaro,2023-01-01,2.48381
Querétaro,2023-02-01,2.48381
Querétaro,2023-03-01,2.48381
Querétaro,2023-10-01,2.90737
Querétaro,2023-11-01,2.90737
Querétaro,2023-12-01,2.90737
Querétaro,2023-07-01,2.9151
Querétaro,2023-08-01,2.9151
Querétaro,2023-09-01,2.9151
Querétaro,2023-04-01,3.27317
Querétaro,2023-05-01,3.27317
Querétaro,2023-06-01,3.27317
Quintana Roo,2017-04-01,2.75659
Quintana Roo,2017-05-01,2.75659
Quintana Roo,2017-06-01,2.75659
Quintana Roo,2017-10-01,3.19898
Quintana Roo,2017-11-01,3.19898
Quintana Roo,2017-12-01,3.19898
Quintana Roo,2017-07-01,3.34076
Quintana Roo,2017-08-01,3.34076
Quintana Roo,2017-09-01,3.34076
Quintana Roo,2017-01-01,3.38948
Quintana Roo,2017-02-01,3.38948
Quintana Roo,2017-03-01,3.38948
Quintana Roo,2018-04-01,2.60499
Quintana Roo,2018-05-01,2.60499
Quintana Roo,2018-06-01,2.60499
Quintana Roo,2018-01-01,2.63984
Quintana Roo,2018-02-01,2.63984
Quintana Roo,2018-03-01,2.63984
Quintana Roo,2018-07-01,2.65435
Quintana Roo,2018-08-01,2.65435
Quintana Roo,2018-09-01,2.65435
Quintana Roo,2018-10-01,3.08881
Quintana Roo,2018-11-01,3.08881
Quintana Roo,2018-12-01,3.08881
Quintana Roo,2019-04-01,2.73219
Quintana Roo,2019-05-01,2.73219
Quintana Roo,2019-06-01,2.73219
Quintana Roo,2019-01-01,2.9559
Quintana Roo,2019-02-01,2.9559
Quintana Roo,2019-03-01,2.9559
Quintana Roo,2019-10-01,3.0804
Quintana Roo,2019-11-01,3.0804
Quintana Roo,2019-12-01,3.0804
Quintana Roo,2019-07-01,3.55064
Quintana Roo,2019-08-01,3.55064
Quintana Roo,2019-09-01,3.55064
Quintana Roo,2020-01-01,2.96336
Quintana Roo,2020-02-01,2.96336
Quintana Roo,2020-03-01,2.96336
Quintana Roo,2020-10-01,8.57636
Quintana Roo,2020-11-01,8.57636
Quintana Roo,2020-12-01,8.57636
Quintana Roo,2020-07-01,10.17038
Quintana Roo,2020-08-01,10.17038
Quintana Roo,2020-09-01,10.17038
Quintana Roo,2020-04-01,NA
Quintana Roo,2020-05-01,NA
Quintana Roo,2020-06-01,NA
Quintana Roo,2021-10-01,4.41379
Quintana Roo,2021-11-01,4.41379
Quintana Roo,2021-12-01,4.41379
Quintana Roo,2021-07-01,4.68357
Quintana Roo,2021-08-01,4.68357
Quintana Roo,2021-09-01,4.68357
Quintana Roo,2021-04-01,6.20887
Quintana Roo,2021-05-01,6.20887
Quintana Roo,2021-06-01,6.20887
Quintana Roo,2021-01-01,8.20807
Quintana Roo,2021-02-01,8.20807
Quintana Roo,2021-03-01,8.20807
Quintana Roo,2022-10-01,1.97189
Quintana Roo,2022-11-01,1.97189
Quintana Roo,2022-12-01,1.97189
Quintana Roo,2022-04-01,2.85173
Quintana Roo,2022-05-01,2.85173
Quintana Roo,2022-06-01,2.85173
Quintana Roo,2022-07-01,2.9266
Quintana Roo,2022-08-01,2.9266
Quintana Roo,2022-09-01,2.9266
Quintana Roo,2022-01-01,3.01017
Quintana Roo,2022-02-01,3.01017
Quintana Roo,2022-03-01,3.01017
Quintana Roo,2023-04-01,2.40182
Quintana Roo,2023-05-01,2.40182
Quintana Roo,2023-06-01,2.40182
Quintana Roo,2023-01-01,2.53064
Quintana Roo,2023-02-01,2.53064
Quintana Roo,2023-03-01,2.53064
Quintana Roo,2023-10-01,2.61154
Quintana Roo,2023-11-01,2.61154
Quintana Roo,2023-12-01,2.61154
Quintana Roo,2023-07-01,2.74016
Quintana Roo,2023-08-01,2.74016
Quintana Roo,2023-09-01,2.74016
San Luis Potosí,2017-01-01,2.04425
San Luis Potosí,2017-02-01,2.04425
San Luis Potosí,2017-03-01,2.04425
San Luis Potosí,2017-10-01,2.32132
San Luis Potosí,2017-11-01,2.32132
San Luis Potosí,2017-12-01,2.32132
San Luis Potosí,2017-07-01,2.52835
San Luis Potosí,2017-08-01,2.52835
San Luis Potosí,2017-09-01,2.52835
San Luis Potosí,2017-04-01,2.64591
San Luis Potosí,2017-05-01,2.64591
San Luis Potosí,2017-06-01,2.64591
San Luis Potosí,2018-10-01,2.14353
San Luis Potosí,2018-11-01,2.14353
San Luis Potosí,2018-12-01,2.14353
San Luis Potosí,2018-04-01,2.42599
San Luis Potosí,2018-05-01,2.42599
San Luis Potosí,2018-06-01,2.42599
San Luis Potosí,2018-07-01,2.56991
San Luis Potosí,2018-08-01,2.56991
San Luis Potosí,2018-09-01,2.56991
San Luis Potosí,2018-01-01,2.87915
San Luis Potosí,2018-02-01,2.87915
San Luis Potosí,2018-03-01,2.87915
San Luis Potosí,2019-01-01,2.17682
San Luis Potosí,2019-02-01,2.17682
San Luis Potosí,2019-03-01,2.17682
San Luis Potosí,2019-10-01,2.28111
San Luis Potosí,2019-11-01,2.28111
San Luis Potosí,2019-12-01,2.28111
San Luis Potosí,2019-04-01,2.86328
San Luis Potosí,2019-05-01,2.86328
San Luis Potosí,2019-06-01,2.86328
San Luis Potosí,2019-07-01,3.30765
San Luis Potosí,2019-08-01,3.30765
San Luis Potosí,2019-09-01,3.30765
San Luis Potosí,2020-01-01,2.07787
San Luis Potosí,2020-02-01,2.07787
San Luis Potosí,2020-03-01,2.07787
San Luis Potosí,2020-10-01,3.26546
San Luis Potosí,2020-11-01,3.26546
San Luis Potosí,2020-12-01,3.26546
San Luis Potosí,2020-07-01,3.98296
San Luis Potosí,2020-08-01,3.98296
San Luis Potosí,2020-09-01,3.98296
San Luis Potosí,2020-04-01,NA
San Luis Potosí,2020-05-01,NA
San Luis Potosí,2020-06-01,NA
San Luis Potosí,2021-04-01,2.91634
San Luis Potosí,2021-05-01,2.91634
San Luis Potosí,2021-06-01,2.91634
San Luis Potosí,2021-01-01,3.08673
San Luis Potosí,2021-02-01,3.08673
San Luis Potosí,2021-03-01,3.08673
San Luis Potosí,2021-10-01,3.32408
San Luis Potosí,2021-11-01,3.32408
San Luis Potosí,2021-12-01,3.32408
San Luis Potosí,2021-07-01,4.19702
San Luis Potosí,2021-08-01,4.19702
San Luis Potosí,2021-09-01,4.19702
San Luis Potosí,2022-10-01,2.71251
San Luis Potosí,2022-11-01,2.71251
San Luis Potosí,2022-12-01,2.71251
San Luis Potosí,2022-01-01,2.94497
San Luis Potosí,2022-02-01,2.94497
San Luis Potosí,2022-03-01,2.94497
San Luis Potosí,2022-04-01,3.30135
San Luis Potosí,2022-05-01,3.30135
San Luis Potosí,2022-06-01,3.30135
San Luis Potosí,2022-07-01,3.37771
San Luis Potosí,2022-08-01,3.37771
San Luis Potosí,2022-09-01,3.37771
San Luis Potosí,2023-01-01,2.00482
San Luis Potosí,2023-02-01,2.00482
San Luis Potosí,2023-03-01,2.00482
San Luis Potosí,2023-04-01,2.81227
San Luis Potosí,2023-05-01,2.81227
San Luis Potosí,2023-06-01,2.81227
San Luis Potosí,2023-07-01,3.0664
San Luis Potosí,2023-08-01,3.0664
San Luis Potosí,2023-09-01,3.0664
San Luis Potosí,2023-10-01,3.11087
San Luis Potosí,2023-11-01,3.11087
San Luis Potosí,2023-12-01,3.11087
Sinaloa,2017-10-01,3.48827
Sinaloa,2017-11-01,3.48827
Sinaloa,2017-12-01,3.48827
Sinaloa,2017-01-01,3.50625
Sinaloa,2017-02-01,3.50625
Sinaloa,2017-03-01,3.50625
Sinaloa,2017-04-01,3.73977
Sinaloa,2017-05-01,3.73977
Sinaloa,2017-06-01,3.73977
Sinaloa,2017-07-01,3.92548
Sinaloa,2017-08-01,3.92548
Sinaloa,2017-09-01,3.92548
Sinaloa,2018-01-01,2.46633
Sinaloa,2018-02-01,2.46633
Sinaloa,2018-03-01,2.46633
Sinaloa,2018-10-01,3.15787
Sinaloa,2018-11-01,3.15787
Sinaloa,2018-12-01,3.15787
Sinaloa,2018-07-01,3.37582
Sinaloa,2018-08-01,3.37582
Sinaloa,2018-09-01,3.37582
Sinaloa,2018-04-01,3.7651
Sinaloa,2018-05-01,3.7651
Sinaloa,2018-06-01,3.7651
Sinaloa,2019-10-01,2.84503
Sinaloa,2019-11-01,2.84503
Sinaloa,2019-12-01,2.84503
Sinaloa,2019-04-01,2.99788
Sinaloa,2019-05-01,2.99788
Sinaloa,2019-06-01,2.99788
Sinaloa,2019-01-01,3.4949
Sinaloa,2019-02-01,3.4949
Sinaloa,2019-03-01,3.4949
Sinaloa,2019-07-01,3.63153
Sinaloa,2019-08-01,3.63153
Sinaloa,2019-09-01,3.63153
Sinaloa,2020-10-01,2.42905
Sinaloa,2020-11-01,2.42905
Sinaloa,2020-12-01,2.42905
Sinaloa,2020-01-01,2.88295
Sinaloa,2020-02-01,2.88295
Sinaloa,2020-03-01,2.88295
Sinaloa,2020-07-01,5.28873
Sinaloa,2020-08-01,5.28873
Sinaloa,2020-09-01,5.28873
Sinaloa,2020-04-01,NA
Sinaloa,2020-05-01,NA
Sinaloa,2020-06-01,NA
Sinaloa,2021-01-01,2.46472
Sinaloa,2021-02-01,2.46472
Sinaloa,2021-03-01,2.46472
Sinaloa,2021-04-01,2.56947
Sinaloa,2021-05-01,2.56947
Sinaloa,2021-06-01,2.56947
Sinaloa,2021-10-01,2.74095
Sinaloa,2021-11-01,2.74095
Sinaloa,2021-12-01,2.74095
Sinaloa,2021-07-01,2.93331
Sinaloa,2021-08-01,2.93331
Sinaloa,2021-09-01,2.93331
Sinaloa,2022-01-01,2.65945
Sinaloa,2022-02-01,2.65945
Sinaloa,2022-03-01,2.65945
Sinaloa,2022-10-01,2.78628
Sinaloa,2022-11-01,2.78628
Sinaloa,2022-12-01,2.78628
Sinaloa,2022-04-01,2.94487
Sinaloa,2022-05-01,2.94487
Sinaloa,2022-06-01,2.94487
Sinaloa,2022-07-01,3.33011
Sinaloa,2022-08-01,3.33011
Sinaloa,2022-09-01,3.33011
Sinaloa,2023-01-01,2.0087
Sinaloa,2023-02-01,2.0087
Sinaloa,2023-03-01,2.0087
Sinaloa,2023-04-01,2.22653
Sinaloa,2023-05-01,2.22653
Sinaloa,2023-06-01,2.22653
Sinaloa,2023-10-01,2.27732
Sinaloa,2023-11-01,2.27732
Sinaloa,2023-12-01,2.27732
Sinaloa,2023-07-01,3.01032
Sinaloa,2023-08-01,3.01032
Sinaloa,2023-09-01,3.01032
Sonora,2017-01-01,3.58821
Sonora,2017-02-01,3.58821
Sonora,2017-03-01,3.58821
Sonora,2017-10-01,3.61636
Sonora,2017-11-01,3.61636
Sonora,2017-12-01,3.61636
Sonora,2017-04-01,3.79298
Sonora,2017-05-01,3.79298
Sonora,2017-06-01,3.79298
Sonora,2017-07-01,4.04668
Sonora,2017-08-01,4.04668
Sonora,2017-09-01,4.04668
Sonora,2018-01-01,3.26058
Sonora,2018-02-01,3.26058
Sonora,2018-03-01,3.26058
Sonora,2018-04-01,3.64035
Sonora,2018-05-01,3.64035
Sonora,2018-06-01,3.64035
Sonora,2018-10-01,3.66419
Sonora,2018-11-01,3.66419
Sonora,2018-12-01,3.66419
Sonora,2018-07-01,4.23094
Sonora,2018-08-01,4.23094
Sonora,2018-09-01,4.23094
Sonora,2019-10-01,3.78906
Sonora,2019-11-01,3.78906
Sonora,2019-12-01,3.78906
Sonora,2019-04-01,4.16152
Sonora,2019-05-01,4.16152
Sonora,2019-06-01,4.16152
Sonora,2019-01-01,4.25036
Sonora,2019-02-01,4.25036
Sonora,2019-03-01,4.25036
Sonora,2019-07-01,4.94885
Sonora,2019-08-01,4.94885
Sonora,2019-09-01,4.94885
Sonora,2020-01-01,4.37054
Sonora,2020-02-01,4.37054
Sonora,2020-03-01,4.37054
Sonora,2020-10-01,4.94429
Sonora,2020-11-01,4.94429
Sonora,2020-12-01,4.94429
Sonora,2020-07-01,6.6878
Sonora,2020-08-01,6.6878
Sonora,2020-09-01,6.6878
Sonora,2020-04-01,NA
Sonora,2020-05-01,NA
Sonora,2020-06-01,NA
Sonora,2021-04-01,2.93254
Sonora,2021-05-01,2.93254
Sonora,2021-06-01,2.93254
Sonora,2021-10-01,3.60543
Sonora,2021-11-01,3.60543
Sonora,2021-12-01,3.60543
Sonora,2021-07-01,4.35038
Sonora,2021-08-01,4.35038
Sonora,2021-09-01,4.35038
Sonora,2021-01-01,4.44533
Sonora,2021-02-01,4.44533
Sonora,2021-03-01,4.44533
Sonora,2022-10-01,2.54785
Sonora,2022-11-01,2.54785
Sonora,2022-12-01,2.54785
Sonora,2022-01-01,2.85697
Sonora,2022-02-01,2.85697
Sonora,2022-03-01,2.85697
Sonora,2022-04-01,3.06692
Sonora,2022-05-01,3.06692
Sonora,2022-06-01,3.06692
Sonora,2022-07-01,3.81534
Sonora,2022-08-01,3.81534
Sonora,2022-09-01,3.81534
Sonora,2023-04-01,2.5887
Sonora,2023-05-01,2.5887
Sonora,2023-06-01,2.5887
Sonora,2023-10-01,2.82164
Sonora,2023-11-01,2.82164
Sonora,2023-12-01,2.82164
Sonora,2023-01-01,2.86233
Sonora,2023-02-01,2.86233
Sonora,2023-03-01,2.86233
Sonora,2023-07-01,2.93751
Sonora,2023-08-01,2.93751
Sonora,2023-09-01,2.93751
Tabasco,2017-01-01,6.8383
Tabasco,2017-02-01,6.8383
Tabasco,2017-03-01,6.8383
Tabasco,2017-07-01,6.89211
Tabasco,2017-08-01,6.89211
Tabasco,2017-09-01,6.89211
Tabasco,2017-10-01,6.96286
Tabasco,2017-11-01,6.96286
Tabasco,2017-12-01,6.96286
Tabasco,2017-04-01,7.2893
Tabasco,2017-05-01,7.2893
Tabasco,2017-06-01,7.2893
Tabasco,2018-04-01,6.37258
Tabasco,2018-05-01,6.37258
Tabasco,2018-06-01,6.37258
Tabasco,2018-07-01,7.13018
Tabasco,2018-08-01,7.13018
Tabasco,2018-09-01,7.13018
Tabasco,2018-01-01,7.59423
Tabasco,2018-02-01,7.59423
Tabasco,2018-03-01,7.59423
Tabasco,2018-10-01,7.83328
Tabasco,2018-11-01,7.83328
Tabasco,2018-12-01,7.83328
Tabasco,2019-10-01,6.37283
Tabasco,2019-11-01,6.37283
Tabasco,2019-12-01,6.37283
Tabasco,2019-07-01,7.1721
Tabasco,2019-08-01,7.1721
Tabasco,2019-09-01,7.1721
Tabasco,2019-04-01,7.24434
Tabasco,2019-05-01,7.24434
Tabasco,2019-06-01,7.24434
Tabasco,2019-01-01,7.51282
Tabasco,2019-02-01,7.51282
Tabasco,2019-03-01,7.51282
Tabasco,2020-01-01,5.26961
Tabasco,2020-02-01,5.26961
Tabasco,2020-03-01,5.26961
Tabasco,2020-07-01,7.45122
Tabasco,2020-08-01,7.45122
Tabasco,2020-09-01,7.45122
Tabasco,2020-10-01,7.96063
Tabasco,2020-11-01,7.96063
Tabasco,2020-12-01,7.96063
Tabasco,2020-04-01,NA
Tabasco,2020-05-01,NA
Tabasco,2020-06-01,NA
Tabasco,2021-10-01,5.1022
Tabasco,2021-11-01,5.1022
Tabasco,2021-12-01,5.1022
Tabasco,2021-04-01,5.85328
Tabasco,2021-05-01,5.85328
Tabasco,2021-06-01,5.85328
Tabasco,2021-01-01,6.01589
Tabasco,2021-02-01,6.01589
Tabasco,2021-03-01,6.01589
Tabasco,2021-07-01,6.31326
Tabasco,2021-08-01,6.31326
Tabasco,2021-09-01,6.31326
Tabasco,2022-10-01,4.18142
Tabasco,2022-11-01,4.18142
Tabasco,2022-12-01,4.18142
Tabasco,2022-01-01,4.7906
Tabasco,2022-02-01,4.7906
Tabasco,2022-03-01,4.7906
Tabasco,2022-07-01,5.25536
Tabasco,2022-08-01,5.25536
Tabasco,2022-09-01,5.25536
Tabasco,2022-04-01,5.67372
Tabasco,2022-05-01,5.67372
Tabasco,2022-06-01,5.67372
Tabasco,2023-01-01,3.82907
Tabasco,2023-02-01,3.82907
Tabasco,2023-03-01,3.82907
Tabasco,2023-10-01,3.84846
Tabasco,2023-11-01,3.84846
Tabasco,2023-12-01,3.84846
Tabasco,2023-07-01,3.98275
Tabasco,2023-08-01,3.98275
Tabasco,2023-09-01,3.98275
Tabasco,2023-04-01,4.05393
Tabasco,2023-05-01,4.05393
Tabasco,2023-06-01,4.05393
Tamaulipas,2017-04-01,3.51819
Tamaulipas,2017-05-01,3.51819
Tamaulipas,2017-06-01,3.51819
Tamaulipas,2017-10-01,4.03877
Tamaulipas,2017-11-01,4.03877
Tamaulipas,2017-12-01,4.03877
Tamaulipas,2017-07-01,4.40703
Tamaulipas,2017-08-01,4.40703
Tamaulipas,2017-09-01,4.40703
Tamaulipas,2017-01-01,4.73518
Tamaulipas,2017-02-01,4.73518
Tamaulipas,2017-03-01,4.73518
Tamaulipas,2018-04-01,3.82154
Tamaulipas,2018-05-01,3.82154
Tamaulipas,2018-06-01,3.82154
Tamaulipas,2018-07-01,3.83954
Tamaulipas,2018-08-01,3.83954
Tamaulipas,2018-09-01,3.83954
Tamaulipas,2018-10-01,3.90514
Tamaulipas,2018-11-01,3.90514
Tamaulipas,2018-12-01,3.90514
Tamaulipas,2018-01-01,3.93826
Tamaulipas,2018-02-01,3.93826
Tamaulipas,2018-03-01,3.93826
Tamaulipas,2019-10-01,3.21892
Tamaulipas,2019-11-01,3.21892
Tamaulipas,2019-12-01,3.21892
Tamaulipas,2019-04-01,3.37267
Tamaulipas,2019-05-01,3.37267
Tamaulipas,2019-06-01,3.37267
Tamaulipas,2019-07-01,3.59923
Tamaulipas,2019-08-01,3.59923
Tamaulipas,2019-09-01,3.59923
Tamaulipas,2019-01-01,3.68976
Tamaulipas,2019-02-01,3.68976
Tamaulipas,2019-03-01,3.68976
Tamaulipas,2020-01-01,3.18924
Tamaulipas,2020-02-01,3.18924
Tamaulipas,2020-03-01,3.18924
Tamaulipas,2020-10-01,3.29395
Tamaulipas,2020-11-01,3.29395
Tamaulipas,2020-12-01,3.29395
Tamaulipas,2020-07-01,3.78681
Tamaulipas,2020-08-01,3.78681
Tamaulipas,2020-09-01,3.78681
Tamaulipas,2020-04-01,NA
Tamaulipas,2020-05-01,NA
Tamaulipas,2020-06-01,NA
Tamaulipas,2021-04-01,2.97881
Tamaulipas,2021-05-01,2.97881
Tamaulipas,2021-06-01,2.97881
Tamaulipas,2021-10-01,3.55175
Tamaulipas,2021-11-01,3.55175
Tamaulipas,2021-12-01,3.55175
Tamaulipas,2021-07-01,3.67384
Tamaulipas,2021-08-01,3.67384
Tamaulipas,2021-09-01,3.67384
Tamaulipas,2021-01-01,3.8391
Tamaulipas,2021-02-01,3.8391
Tamaulipas,2021-03-01,3.8391
Tamaulipas,2022-10-01,3.12072
Tamaulipas,2022-11-01,3.12072
Tamaulipas,2022-12-01,3.12072
Tamaulipas,2022-04-01,3.40258
Tamaulipas,2022-05-01,3.40258
Tamaulipas,2022-06-01,3.40258
Tamaulipas,2022-07-01,3.66341
Tamaulipas,2022-08-01,3.66341
Tamaulipas,2022-09-01,3.66341
Tamaulipas,2022-01-01,3.77736
Tamaulipas,2022-02-01,3.77736
Tamaulipas,2022-03-01,3.77736
Tamaulipas,2023-01-01,2.76848
Tamaulipas,2023-02-01,2.76848
Tamaulipas,2023-03-01,2.76848
Tamaulipas,2023-04-01,3.15174
Tamaulipas,2023-05-01,3.15174
Tamaulipas,2023-06-01,3.15174
Tamaulipas,2023-10-01,3.25943
Tamaulipas,2023-11-01,3.25943
Tamaulipas,2023-12-01,3.25943
Tamaulipas,2023-07-01,3.3172
Tamaulipas,2023-08-01,3.3172
Tamaulipas,2023-09-01,3.3172
Tlaxcala,2017-01-01,3.55175
Tlaxcala,2017-02-01,3.55175
Tlaxcala,2017-03-01,3.55175
Tlaxcala,2017-10-01,3.67375
Tlaxcala,2017-11-01,3.67375
Tlaxcala,2017-12-01,3.67375
Tlaxcala,2017-04-01,3.70791
Tlaxcala,2017-05-01,3.70791
Tlaxcala,2017-06-01,3.70791
Tlaxcala,2017-07-01,4.00722
Tlaxcala,2017-08-01,4.00722
Tlaxcala,2017-09-01,4.00722
Tlaxcala,2018-04-01,3.2706
Tlaxcala,2018-05-01,3.2706
Tlaxcala,2018-06-01,3.2706
Tlaxcala,2018-01-01,3.71735
Tlaxcala,2018-02-01,3.71735
Tlaxcala,2018-03-01,3.71735
Tlaxcala,2018-07-01,3.78813
Tlaxcala,2018-08-01,3.78813
Tlaxcala,2018-09-01,3.78813
Tlaxcala,2018-10-01,4.02306
Tlaxcala,2018-11-01,4.02306
Tlaxcala,2018-12-01,4.02306
Tlaxcala,2019-10-01,3.54575
Tlaxcala,2019-11-01,3.54575
Tlaxcala,2019-12-01,3.54575
Tlaxcala,2019-07-01,3.62364
Tlaxcala,2019-08-01,3.62364
Tlaxcala,2019-09-01,3.62364
Tlaxcala,2019-01-01,3.7933500000000002
Tlaxcala,2019-02-01,3.7933500000000002
Tlaxcala,2019-03-01,3.7933500000000002
Tlaxcala,2019-04-01,3.99275
Tlaxcala,2019-05-01,3.99275
Tlaxcala,2019-06-01,3.99275
Tlaxcala,2020-01-01,4.02238
Tlaxcala,2020-02-01,4.02238
Tlaxcala,2020-03-01,4.02238
Tlaxcala,2020-10-01,5.58101
Tlaxcala,2020-11-01,5.58101
Tlaxcala,2020-12-01,5.58101
Tlaxcala,2020-07-01,6.42156
Tlaxcala,2020-08-01,6.42156
Tlaxcala,2020-09-01,6.42156
Tlaxcala,2020-04-01,NA
Tlaxcala,2020-05-01,NA
Tlaxcala,2020-06-01,NA
Tlaxcala,2021-10-01,4.42309
Tlaxcala,2021-11-01,4.42309
Tlaxcala,2021-12-01,4.42309
Tlaxcala,2021-04-01,5.07607
Tlaxcala,2021-05-01,5.07607
Tlaxcala,2021-06-01,5.07607
Tlaxcala,2021-07-01,5.48873
Tlaxcala,2021-08-01,5.48873
Tlaxcala,2021-09-01,5.48873
Tlaxcala,2021-01-01,5.86065
Tlaxcala,2021-02-01,5.86065
Tlaxcala,2021-03-01,5.86065
Tlaxcala,2022-10-01,3.33072
Tlaxcala,2022-11-01,3.33072
Tlaxcala,2022-12-01,3.33072
Tlaxcala,2022-07-01,3.77758
Tlaxcala,2022-08-01,3.77758
Tlaxcala,2022-09-01,3.77758
Tlaxcala,2022-04-01,3.84879
Tlaxcala,2022-05-01,3.84879
Tlaxcala,2022-06-01,3.84879
Tlaxcala,2022-01-01,4.38624
Tlaxcala,2022-02-01,4.38624
Tlaxcala,2022-03-01,4.38624
Tlaxcala,2023-10-01,3.00423
Tlaxcala,2023-11-01,3.00423
Tlaxcala,2023-12-01,3.00423
Tlaxcala,2023-01-01,3.24644
Tlaxcala,2023-02-01,3.24644
Tlaxcala,2023-03-01,3.24644
Tlaxcala,2023-04-01,3.40587
Tlaxcala,2023-05-01,3.40587
Tlaxcala,2023-06-01,3.40587
Tlaxcala,2023-07-01,3.68407
Tlaxcala,2023-08-01,3.68407
Tlaxcala,2023-09-01,3.68407
Veracruz de Ignacio de la Llave,2017-07-01,3.21909
Veracruz de Ignacio de la Llave,2017-08-01,3.21909
Veracruz de Ignacio de la Llave,2017-09-01,3.21909
Veracruz de Ignacio de la Llave,2017-01-01,3.45998
Veracruz de Ignacio de la Llave,2017-02-01,3.45998
Veracruz de Ignacio de la Llave,2017-03-01,3.45998
Veracruz de Ignacio de la Llave,2017-04-01,3.53923
Veracruz de Ignacio de la Llave,2017-05-01,3.53923
Veracruz de Ignacio de la Llave,2017-06-01,3.53923
Veracruz de Ignacio de la Llave,2017-10-01,3.92046
Veracruz de Ignacio de la Llave,2017-11-01,3.92046
Veracruz de Ignacio de la Llave,2017-12-01,3.92046
Veracruz de Ignacio de la Llave,2018-10-01,2.68928
Veracruz de Ignacio de la Llave,2018-11-01,2.68928
Veracruz de Ignacio de la Llave,2018-12-01,2.68928
Veracruz de Ignacio de la Llave,2018-01-01,2.80341
Veracruz de Ignacio de la Llave,2018-02-01,2.80341
Veracruz de Ignacio de la Llave,2018-03-01,2.80341
Veracruz de Ignacio de la Llave,2018-04-01,3.23123
Veracruz de Ignacio de la Llave,2018-05-01,3.23123
Veracruz de Ignacio de la Llave,2018-06-01,3.23123
Veracruz de Ignacio de la Llave,2018-07-01,3.30437
Veracruz de Ignacio de la Llave,2018-08-01,3.30437
Veracruz de Ignacio de la Llave,2018-09-01,3.30437
Veracruz de Ignacio de la Llave,2019-04-01,2.56691
Veracruz de Ignacio de la Llave,2019-05-01,2.56691
Veracruz de Ignacio de la Llave,2019-06-01,2.56691
Veracruz de Ignacio de la Llave,2019-01-01,2.83521
Veracruz de Ignacio de la Llave,2019-02-01,2.83521
Veracruz de Ignacio de la Llave,2019-03-01,2.83521
Veracruz de Ignacio de la Llave,2019-10-01,2.85788
Veracruz de Ignacio de la Llave,2019-11-01,2.85788
Veracruz de Ignacio de la Llave,2019-12-01,2.85788
Veracruz de Ignacio de la Llave,2019-07-01,3.54736
Veracruz de Ignacio de la Llave,2019-08-01,3.54736
Veracruz de Ignacio de la Llave,2019-09-01,3.54736
Veracruz de Ignacio de la Llave,2020-01-01,2.68437
Veracruz de Ignacio de la Llave,2020-02-01,2.68437
Veracruz de Ignacio de la Llave,2020-03-01,2.68437
Veracruz de Ignacio de la Llave,2020-07-01,2.75096
Veracruz de Ignacio de la Llave,2020-08-01,2.75096
Veracruz de Ignacio de la Llave,2020-09-01,2.75096
Veracruz de Ignacio de la Llave,2020-10-01,3.36439
Veracruz de Ignacio de la Llave,2020-11-01,3.36439
Veracruz de Ignacio de la Llave,2020-12-01,3.36439
Veracruz de Ignacio de la Llave,2020-04-01,NA
Veracruz de Ignacio de la Llave,2020-05-01,NA
Veracruz de Ignacio de la Llave,2020-06-01,NA
Veracruz de Ignacio de la Llave,2021-01-01,2.58783
Veracruz de Ignacio de la Llave,2021-02-01,2.58783
Veracruz de Ignacio de la Llave,2021-03-01,2.58783
Veracruz de Ignacio de la Llave,2021-10-01,3.30173
Veracruz de Ignacio de la Llave,2021-11-01,3.30173
Veracruz de Ignacio de la Llave,2021-12-01,3.30173
Veracruz de Ignacio de la Llave,2021-07-01,3.41257
Veracruz de Ignacio de la Llave,2021-08-01,3.41257
Veracruz de Ignacio de la Llave,2021-09-01,3.41257
Veracruz de Ignacio de la Llave,2021-04-01,4.21382
Veracruz de Ignacio de la Llave,2021-05-01,4.21382
Veracruz de Ignacio de la Llave,2021-06-01,4.21382
Veracruz de Ignacio de la Llave,2022-10-01,2.35307
Veracruz de Ignacio de la Llave,2022-11-01,2.35307
Veracruz de Ignacio de la Llave,2022-12-01,2.35307
Veracruz de Ignacio de la Llave,2022-01-01,2.59692
Veracruz de Ignacio de la Llave,2022-02-01,2.59692
Veracruz de Ignacio de la Llave,2022-03-01,2.59692
Veracruz de Ignacio de la Llave,2022-04-01,2.92668
Veracruz de Ignacio de la Llave,2022-05-01,2.92668
Veracruz de Ignacio de la Llave,2022-06-01,2.92668
Veracruz de Ignacio de la Llave,2022-07-01,3.06522
Veracruz de Ignacio de la Llave,2022-08-01,3.06522
Veracruz de Ignacio de la Llave,2022-09-01,3.06522
Veracruz de Ignacio de la Llave,2023-10-01,1.89538
Veracruz de Ignacio de la Llave,2023-11-01,1.89538
Veracruz de Ignacio de la Llave,2023-12-01,1.89538
Veracruz de Ignacio de la Llave,2023-07-01,1.98405
Veracruz de Ignacio de la Llave,2023-08-01,1.98405
Veracruz de Ignacio de la Llave,2023-09-01,1.98405
Veracruz de Ignacio de la Llave,2023-04-01,2.13843
Veracruz de Ignacio de la Llave,2023-05-01,2.13843
Veracruz de Ignacio de la Llave,2023-06-01,2.13843
Veracruz de Ignacio de la Llave,2023-01-01,2.41656
Veracruz de Ignacio de la Llave,2023-02-01,2.41656
Veracruz de Ignacio de la Llave,2023-03-01,2.41656
Yucatán,2017-10-01,1.72116
Yucatán,2017-11-01,1.72116
Yucatán,2017-12-01,1.72116
Yucatán,2017-04-01,1.91401
Yucatán,2017-05-01,1.91401
Yucatán,2017-06-01,1.91401
Yucatán,2017-01-01,2.05449
Yucatán,2017-02-01,2.05449
Yucatán,2017-03-01,2.05449
Yucatán,2017-07-01,2.54846
Yucatán,2017-08-01,2.54846
Yucatán,2017-09-01,2.54846
Yucatán,2018-10-01,1.50293
Yucatán,2018-11-01,1.50293
Yucatán,2018-12-01,1.50293
Yucatán,2018-04-01,1.53836
Yucatán,2018-05-01,1.53836
Yucatán,2018-06-01,1.53836
Yucatán,2018-01-01,2.03298
Yucatán,2018-02-01,2.03298
Yucatán,2018-03-01,2.03298
Yucatán,2018-07-01,2.102
Yucatán,2018-08-01,2.102
Yucatán,2018-09-01,2.102
Yucatán,2019-04-01,1.78375
Yucatán,2019-05-01,1.78375
Yucatán,2019-06-01,1.78375
Yucatán,2019-01-01,1.9091
Yucatán,2019-02-01,1.9091
Yucatán,2019-03-01,1.9091
Yucatán,2019-10-01,1.91823
Yucatán,2019-11-01,1.91823
Yucatán,2019-12-01,1.91823
Yucatán,2019-07-01,1.9669
Yucatán,2019-08-01,1.9669
Yucatán,2019-09-01,1.9669
Yucatán,2020-01-01,1.97608
Yucatán,2020-02-01,1.97608
Yucatán,2020-03-01,1.97608
Yucatán,2020-10-01,2.67472
Yucatán,2020-11-01,2.67472
Yucatán,2020-12-01,2.67472
Yucatán,2020-07-01,3.56538
Yucatán,2020-08-01,3.56538
Yucatán,2020-09-01,3.56538
Yucatán,2020-04-01,NA
Yucatán,2020-05-01,NA
Yucatán,2020-06-01,NA
Yucatán,2021-10-01,2.06799
Yucatán,2021-11-01,2.06799
Yucatán,2021-12-01,2.06799
Yucatán,2021-07-01,2.35454
Yucatán,2021-08-01,2.35454
Yucatán,2021-09-01,2.35454
Yucatán,2021-04-01,2.51596
Yucatán,2021-05-01,2.51596
Yucatán,2021-06-01,2.51596
Yucatán,2021-01-01,2.97833
Yucatán,2021-02-01,2.97833
Yucatán,2021-03-01,2.97833
Yucatán,2022-04-01,1.65477
Yucatán,2022-05-01,1.65477
Yucatán,2022-06-01,1.65477
Yucatán,2022-10-01,1.98833
Yucatán,2022-11-01,1.98833
Yucatán,2022-12-01,1.98833
Yucatán,2022-07-01,2.04844
Yucatán,2022-08-01,2.04844
Yucatán,2022-09-01,2.04844
Yucatán,2022-01-01,2.19651
Yucatán,2022-02-01,2.19651
Yucatán,2022-03-01,2.19651
Yucatán,2023-04-01,1.57681
Yucatán,2023-05-01,1.57681
Yucatán,2023-06-01,1.57681
Yucatán,2023-10-01,1.7769
Yucatán,2023-11-01,1.7769
Yucatán,2023-12-01,1.7769
Yucatán,2023-01-01,1.94653
Yucatán,2023-02-01,1.94653
Yucatán,2023-03-01,1.94653
Yucatán,2023-07-01,2.09373
Yucatán,2023-08-01,2.09373
Yucatán,2023-09-01,2.09373
Zacatecas,2017-10-01,2.6297
Zacatecas,2017-11-01,2.6297
Zacatecas,2017-12-01,2.6297
Zacatecas,2017-07-01,2.69989
Zacatecas,2017-08-01,2.69989
Zacatecas,2017-09-01,2.69989
Zacatecas,2017-01-01,2.86144
Zacatecas,2017-02-01,2.86144
Zacatecas,2017-03-01,2.86144
Zacatecas,2017-04-01,2.96439
Zacatecas,2017-05-01,2.96439
Zacatecas,2017-06-01,2.96439
Zacatecas,2018-10-01,2.50984
Zacatecas,2018-11-01,2.50984
Zacatecas,2018-12-01,2.50984
Zacatecas,2018-04-01,2.58499
Zacatecas,2018-05-01,2.58499
Zacatecas,2018-06-01,2.58499
Zacatecas,2018-07-01,3.06603
Zacatecas,2018-08-01,3.06603
Zacatecas,2018-09-01,3.06603
Zacatecas,2018-01-01,3.61361
Zacatecas,2018-02-01,3.61361
Zacatecas,2018-03-01,3.61361
Zacatecas,2019-10-01,2.52846
Zacatecas,2019-11-01,2.52846
Zacatecas,2019-12-01,2.52846
Zacatecas,2019-01-01,3.18193
Zacatecas,2019-02-01,3.18193
Zacatecas,2019-03-01,3.18193
Zacatecas,2019-04-01,3.20892
Zacatecas,2019-05-01,3.20892
Zacatecas,2019-06-01,3.20892
Zacatecas,2019-07-01,3.32843
Zacatecas,2019-08-01,3.32843
Zacatecas,2019-09-01,3.32843
Zacatecas,2020-01-01,3.32469
Zacatecas,2020-02-01,3.32469
Zacatecas,2020-03-01,3.32469
Zacatecas,2020-07-01,3.89741
Zacatecas,2020-08-01,3.89741
Zacatecas,2020-09-01,3.89741
Zacatecas,2020-10-01,4.16117
Zacatecas,2020-11-01,4.16117
Zacatecas,2020-12-01,4.16117
Zacatecas,2020-04-01,NA
Zacatecas,2020-05-01,NA
Zacatecas,2020-06-01,NA
Zacatecas,2021-10-01,2.7536
Zacatecas,2021-11-01,2.7536
Zacatecas,2021-12-01,2.7536
Zacatecas,2021-04-01,3.5959
Zacatecas,2021-05-01,3.5959
Zacatecas,2021-06-01,3.5959
Zacatecas,2021-07-01,3.77205
Zacatecas,2021-08-01,3.77205
Zacatecas,2021-09-01,3.77205
Zacatecas,2021-01-01,3.89612
Zacatecas,2021-02-01,3.89612
Zacatecas,2021-03-01,3.89612
Zacatecas,2022-10-01,2.35997
Zacatecas,2022-11-01,2.35997
Zacatecas,2022-12-01,2.35997
Zacatecas,2022-07-01,2.74256
Zacatecas,2022-08-01,2.74256
Zacatecas,2022-09-01,2.74256
Zacatecas,2022-01-01,2.78762
Zacatecas,2022-02-01,2.78762
Zacatecas,2022-03-01,2.78762
Zacatecas,2022-04-01,3.29804
Zacatecas,2022-05-01,3.29804
Zacatecas,2022-06-01,3.29804
Zacatecas,2023-07-01,2.35834
Zacatecas,2023-08-01,2.35834
Zacatecas,2023-09-01,2.35834
Zacatecas,2023-10-01,2.82251
Zacatecas,2023-11-01,2.82251
Zacatecas,2023-12-01,2.82251
Zacatecas,2023-04-01,2.93789
Zacatecas,2023-05-01,2.93789
Zacatecas,2023-06-01,2.93789
Zacatecas,2023-01-01,3.36929
Zacatecas,2023-02-01,3.36929
Zacatecas,2023-03-01,3.36929
